Workbook
Name Oushan_Jayasinghe: '[1]OB '!$A$15:$X$234

Sheet OB
C1: CONCORD APPAREL (PVT) LTD.
C2: AVISSAWELLA| SRI LANKA
C3: TEL : 0704888491
C4: OPERATION BULLETIN
A6: STYLE NO | B6: - | C6: USTRO 037 | D6: I E DEPARTMENT
A7: ITEM | B7: - | C7: PANT
A8: CLIENT | B8: - | C8: US POLO | L8: LAST UPDATE :- | M8: 45698
A9: LINE NO | B9: - | C9: 1
A11: GSD | B11: NO | C11: OPERATION | D11: GSD OP CODE | E11: M/C TYPE | F11: SMV | G11: MC SMV | I11: HLP SMV | J11: TOTAL SMV | K11: TARGET | N11: M/ LEVEL
A12: CODE REF | K12: 1 | L12: 0.8 | M12: 0.5
C13: FRONT PKT BAG IN SIDE COIN PKT *1
B15: 1 | C15: IN SIDE COIN PKT HEM *1 | E15: SN | G15: 0.2 | K15: =IF((G15+I15)>0,60/(G15+I15),0) -> 300 | L15: =IF((G15+I15)>0,60/(G15+I15),0)*$L$12 -> 240 | M15: =IF((G15+I15)>0,60/(G15+I15),0)*$M$12 -> 150
B16: 2 | C16: IN SIDE COIN PKT ATTACH *1 | E16: SN | G16: 0.28 | K16: =IF((G16+I16)>0,60/(G16+I16),0) -> 214.28571 | L16: =IF((G16+I16)>0,60/(G16+I16),0)*$L$12 -> 171.42857 | M16: =IF((G16+I16)>0,60/(G16+I16),0)*$M$12 -> 107.14286
C18: FRONT SIDE ZIPPER PKT *1
B20: 3 | C20: SIDE ZIPPER EDEG TACK *2 | E20: SN | G20: 0.16 | K20: =IF((G20+I20)>0,60/(G20+I20),0) -> 375 | L20: =IF((G20+I20)>0,60/(G20+I20),0)*$L$12 -> 300 | M20: =IF((G20+I20)>0,60/(G20+I20),0)*$M$12 -> 187.5
B21: 4 | C21: SIDE ZIPPER PKT BAG FACIN ATTACH *1 | E21: SN | G21: 0.22 | K21: =IF((G21+I21)>0,60/(G21+I21),0) -> 272.72727 | L21: =IF((G21+I21)>0,60/(G21+I21),0)*$L$12 -> 218.18182 | M21: =IF((G21+I21)>0,60/(G21+I21),0)*$M$12 -> 136.36364
B22: 5 | C22: SIDE ZIPPER PKT FACINA ATTACH TO ZIPPER *1 | E22: SN | G22: 0.38 | K22: =IF((G22+I22)>0,60/(G22+I22),0) -> 157.89474 | L22: =IF((G22+I22)>0,60/(G22+I22),0)*$L$12 -> 126.31579 | M22: =IF((G22+I22)>0,60/(G22+I22),0)*$M$12 -> 78.947368
B23: 6 | C23: FRONT PKT BAG ATTACH TO SIDE ZIPPER EDGE *1 | E23: SN | G23: 0.44 | K23: =IF((G23+I23)>0,60/(G23+I23),0) -> 136.36364 | L23: =IF((G23+I23)>0,60/(G23+I23),0)*$L$12 -> 109.09091 | M23: =IF((G23+I23)>0,60/(G23+I23),0)*$M$12 -> 68.181818
B24: 7 | C24: SIDE ZIPPER PKT BAG FACIN CLOSE *1 | E24: SN | G24: 0.24 | K24: =IF((G24+I24)>0,60/(G24+I24),0) -> 250 | L24: =IF((G24+I24)>0,60/(G24+I24),0)*$L$12 -> 200 | M24: =IF((G24+I24)>0,60/(G24+I24),0)*$M$12 -> 125
C26: FRONT PKT *2
B28: 8 | C28: FRONT PKT BAG TOP & BTM JOIN *4 | E28: 5OL | G28: 0.58 | K28: =IF((G28+I28)>0,60/(G28+I28),0) -> 103.44828 | L28: =IF((G28+I28)>0,60/(G28+I28),0)*$L$12 -> 82.758621 | M28: =IF((G28+I28)>0,60/(G28+I28),0)*$M$12 -> 51.724138
B29: 9 | C29: FRONT PKT MOUTH FACIN ATTACH *2 | E29: SN | G29: 0.4 | H29: 0.2 | K29: =IF((G29+I29)>0,60/(G29+I29),0) -> 150 | L29: =IF((G29+I29)>0,60/(G29+I29),0)*$L$12 -> 120 | M29: =IF((G29+I29)>0,60/(G29+I29),0)*$M$12 -> 75 | N29: =($G29+$I29)/$L$135 -> 0.63717096
B30: 10 | C30: FRONT PKT BAG FACIN ATTACH *2 | E30: SN | G30: 0.44 | K30: =IF((G30+I30)>0,60/(G30+I30),0) -> 136.36364 | L30: =IF((G30+I30)>0,60/(G30+I30),0)*$L$12 -> 109.09091 | M30: =IF((G30+I30)>0,60/(G30+I30),0)*$M$12 -> 68.181818 | N30: =($G30+$I30)/$L$135 -> 0.70088806
B31: 11 | C31: FRONT PKT BAG ATTACH TO PKT MOUTH *2 | E31: SN | G31: 0.52 | K31: =IF((G31+I31)>0,60/(G31+I31),0) -> 115.38462 | L31: =IF((G31+I31)>0,60/(G31+I31),0)*$L$12 -> 92.307692 | M31: =IF((G31+I31)>0,60/(G31+I31),0)*$M$12 -> 57.692308 | N31: =($G31+$I31)/$L$135 -> 0.82832225
B32: 12 | C32: FRONT PKT MOUTH STRY STTICH *2 | E32: SN | G32: 0.46 | K32: =IF((G32+I32)>0,60/(G32+I32),0) -> 130.43478 | L32: =IF((G32+I32)>0,60/(G32+I32),0)*$L$12 -> 104.34783 | M32: =IF((G32+I32)>0,60/(G32+I32),0)*$M$12 -> 65.217391 | N32: =($G32+$I32)/$L$135 -> 0.73274661
B33: 13 | C33: FRONT PKT BAG CLOSE WITH TRUN *2 | E33: 3OL | G33: 0.67 | K33: =IF((G33+I33)>0,60/(G33+I33),0) -> 89.552239 | L33: =IF((G33+I33)>0,60/(G33+I33),0)*$L$12 -> 71.641791 | M33: =IF((G33+I33)>0,60/(G33+I33),0)*$M$12 -> 44.776119 | N33: =($G33+$I33)/$L$135 -> 1.0672614
B34: 14 | C34: FRONT PKT BAG TST *2 | E34: SN | G34: 0.82 | K34: =IF((G34+I34)>0,60/(G34+I34),0) -> 73.170732 | L34: =IF((G34+I34)>0,60/(G34+I34),0)*$L$12 -> 58.536585 | M34: =IF((G34+I34)>0,60/(G34+I34),0)*$M$12 -> 36.585366 | N34: =($G34+$I34)/$L$135 -> 1.3062005
B35: 15 | C35: FRONT PKT BAG TACK TO SS & WB *2 | E35: SN | G35: 0.54 | K35: =IF((G35+I35)>0,60/(G35+I35),0) -> 111.11111 | L35: =IF((G35+I35)>0,60/(G35+I35),0)*$L$12 -> 88.888889 | M35: =IF((G35+I35)>0,60/(G35+I35),0)*$M$12 -> 55.555556 | N35: =($G35+$I35)/$L$135 -> 0.8601808
B36: 16 | C36: FRONT WAIST IN SIDE TAPE TACK *2 | E36: SN | G36: 0.26 | K36: =IF((G36+I36)>0,60/(G36+I36),0) -> 230.76923 | L36: =IF((G36+I36)>0,60/(G36+I36),0)*$L$12 -> 184.61538 | M36: =IF((G36+I36)>0,60/(G36+I36),0)*$M$12 -> 115.38462 | N36: =($G36+$I36)/$L$135 -> 0.41416112
B37: 17 | C37: FRONT PKT MOUTH BTK *4 | E37: BTK | G37: 0.24 | K37: =IF((G37+I37)>0,60/(G37+I37),0) -> 250 | L37: =IF((G37+I37)>0,60/(G37+I37),0)*$L$12 -> 200 | M37: =IF((G37+I37)>0,60/(G37+I37),0)*$M$12 -> 125 | N37: =($G37+$I37)/$L$135 -> 0.38230258
B38: 18 | C38: FRONT SIDE EDGE OL *1 | E38: 3OL | G38: 0.2 | K38: =IF((G38+I38)>0,60/(G38+I38),0) -> 300 | L38: =IF((G38+I38)>0,60/(G38+I38),0)*$L$12 -> 240 | M38: =IF((G38+I38)>0,60/(G38+I38),0)*$M$12 -> 150 | N38: =($G38+$I38)/$L$135 -> 0.31858548
H39: 1.1 | N39: =($G39+$I39)/$L$135 -> 0
C40: FRONT | H40: 0.67 | N40: =($G40+$I40)/$L$135 -> 0
B42: 19 | C42: FLY FACIN EDGE OL *1 | E42: 3OL | G42: 0.15 | H42: 0.4 | K42: =IF((G42+I42)>0,60/(G42+I42),0) -> 400 | L42: =IF((G42+I42)>0,60/(G42+I42),0)*$L$12 -> 320 | M42: =IF((G42+I42)>0,60/(G42+I42),0)*$M$12 -> 200 | N42: =($G42+$I42)/$L$135 -> 0.23893911
B43: 20 | C43: FLY BOX EDGE OL *1 | E43: 3OL | G43: 0.12 | H43: 0.46 | K43: =IF((G43+I43)>0,60/(G43+I43),0) -> 500 | L43: =IF((G43+I43)>0,60/(G43+I43),0)*$L$12 -> 400 | M43: =IF((G43+I43)>0,60/(G43+I43),0)*$M$12 -> 250 | N43: =($G43+$I43)/$L$135 -> 0.19115129
B44: 21 | C44: FLY BOX EDGE RUN STTICH *1 | E44: SN | G44: 0.22 | K44: =IF((G44+I44)>0,60/(G44+I44),0) -> 272.72727 | L44: =IF((G44+I44)>0,60/(G44+I44),0)*$L$12 -> 218.18182 | M44: =IF((G44+I44)>0,60/(G44+I44),0)*$M$12 -> 136.36364 | N44: =($G44+$I44)/$L$135 -> 0.35044403
B45: 22 | C45: FLY BOX LABEL ATTACH *1 | E45: SN | G45: 0.3 | K45: =IF((G45+I45)>0,60/(G45+I45),0) -> 200 | L45: =IF((G45+I45)>0,60/(G45+I45),0)*$L$12 -> 160 | M45: =IF((G45+I45)>0,60/(G45+I45),0)*$M$12 -> 100 | N45: =($G45+$I45)/$L$135 -> 0.47787822
B46: 23 | C46: FRONT EDGE OL WITH FLY FACING *2 | E46: 3OL | G46: 0.281 | H46: 0.56 | K46: =IF((G46+I46)>0,60/(G46+I46),0) -> 213.52313 | L46: =IF((G46+I46)>0,60/(G46+I46),0)*$L$12 -> 170.81851 | M46: =IF((G46+I46)>0,60/(G46+I46),0)*$M$12 -> 106.76157 | N46: =($G46+$I46)/$L$135 -> 0.4476126
B47: 24 | C47: FRONT EDGE STRY STTICH *1 | E47: SN | G47: 0.23 | H47: 0.6 | K47: =IF((G47+I47)>0,60/(G47+I47),0) -> 260.86957 | L47: =IF((G47+I47)>0,60/(G47+I47),0)*$L$12 -> 208.69565 | M47: =IF((G47+I47)>0,60/(G47+I47),0)*$M$12 -> 130.43478 | N47: =($G47+$I47)/$L$135 -> 0.3663733
B48: 25 | C48: ZIPPER ATTACH TO FLY FACING *1 | E48: SN | G48: 0.2 | K48: =IF((G48+I48)>0,60/(G48+I48),0) -> 300 | L48: =IF((G48+I48)>0,60/(G48+I48),0)*$L$12 -> 240 | M48: =IF((G48+I48)>0,60/(G48+I48),0)*$M$12 -> 150 | N48: =($G48+$I48)/$L$135 -> 0.31858548
B49: 26 | C49: J STTICH WITH MARK *1 | E49: SN | G49: 0.32 | K49: =IF((G49+I49)>0,60/(G49+I49),0) -> 187.5 | L49: =IF((G49+I49)>0,60/(G49+I49),0)*$L$12 -> 150 | M49: =IF((G49+I49)>0,60/(G49+I49),0)*$M$12 -> 93.75 | N49: =($G49+$I49)/$L$135 -> 0.50973677
B50: 27 | C50: FRONT SETTING *1 | E50: SN | G50: 0.34 | K50: =IF((G50+I50)>0,60/(G50+I50),0) -> 176.47059 | L50: =IF((G50+I50)>0,60/(G50+I50),0)*$L$12 -> 141.17647 | M50: =IF((G50+I50)>0,60/(G50+I50),0)*$M$12 -> 88.235294 | N50: =($G50+$I50)/$L$135 -> 0.54159532
B51: 28 | C51: CROTCH ATTACH *1 | E51: SN | G51: 0.28 | K51: =IF((G51+I51)>0,60/(G51+I51),0) -> 214.28571 | L51: =IF((G51+I51)>0,60/(G51+I51),0)*$L$12 -> 171.42857 | M51: =IF((G51+I51)>0,60/(G51+I51),0)*$M$12 -> 107.14286 | N51: =($G51+$I51)/$L$135 -> 0.44601967
B52: 29 | C52: J BTK *2 | E52: BTK | G52: 0.12 | K52: =IF((G52+I52)>0,60/(G52+I52),0) -> 500 | L52: =IF((G52+I52)>0,60/(G52+I52),0)*$L$12 -> 400 | M52: =IF((G52+I52)>0,60/(G52+I52),0)*$M$12 -> 250 | N52: =($G52+$I52)/$L$135 -> 0.19115129
N53: =($G53+$I53)/$L$135 -> 0
C54: BACK WELT PKT *2 | N54: =($G54+$I54)/$L$135 -> 0
B56: 30 | C56: BACK WELT PKT BAG FACIN ATTACH *2 | E56: SN | G56: 0.4 | K56: =IF((G56+I56)>0,60/(G56+I56),0) -> 150 | L56: =IF((G56+I56)>0,60/(G56+I56),0)*$L$12 -> 120 | M56: =IF((G56+I56)>0,60/(G56+I56),0)*$M$12 -> 75 | N56: =($G56+$I56)/$L$135 -> 0.63717096
B57: 31 | C57: BACK WELT PKT RUN STTICH WITH PKT BAG *2 | E57: JIG | G57: 0.9 | H57: 0.45 | K57: =IF((G57+I57)>0,60/(G57+I57),0) -> 66.666667 | L57: =IF((G57+I57)>0,60/(G57+I57),0)*$L$12 -> 53.333333 | M57: =IF((G57+I57)>0,60/(G57+I57),0)*$M$12 -> 33.333333 | N57: =($G57+$I57)/$L$135 -> 1.4336347
B58: 32 | C58: BACK WELT PKT CONER TACK *4 | E58: SN | G58: 0.56 | H58: 0.28 | K58: =IF((G58+I58)>0,60/(G58+I58),0) -> 107.14286 | L58: =IF((G58+I58)>0,60/(G58+I58),0)*$L$12 -> 85.714286 | M58: =IF((G58+I58)>0,60/(G58+I58),0)*$M$12 -> 53.571429 | N58: =($G58+$I58)/$L$135 -> 0.89203935
B59: 33 | C59: BACK WELT PKT BAG FACIN CLOSE *2 | E59: SN | G59: 0.4 | H59: 0.28 | K59: =IF((G59+I59)>0,60/(G59+I59),0) -> 150 | L59: =IF((G59+I59)>0,60/(G59+I59),0)*$L$12 -> 120 | M59: =IF((G59+I59)>0,60/(G59+I59),0)*$M$12 -> 75 | N59: =($G59+$I59)/$L$135 -> 0.63717096
B60: 34 | C60: BACK WELT PKT TOP EDGE ATTACH *2 | E60: SN | G60: 0.48 | K60: =IF((G60+I60)>0,60/(G60+I60),0) -> 125 | L60: =IF((G60+I60)>0,60/(G60+I60),0)*$L$12 -> 100 | M60: =IF((G60+I60)>0,60/(G60+I60),0)*$M$12 -> 62.5 | N60: =($G60+$I60)/$L$135 -> 0.76460515
B61: 35 | C61: BACK WELT PKT BAG CLOSE WITH TRUN *2 | E61: 3OL | G61: 0.72 | K61: =IF((G61+I61)>0,60/(G61+I61),0) -> 83.333333 | L61: =IF((G61+I61)>0,60/(G61+I61),0)*$L$12 -> 66.666667 | M61: =IF((G61+I61)>0,60/(G61+I61),0)*$M$12 -> 41.666667 | N61: =($G61+$I61)/$L$135 -> 1.1469077
B62: 36 | C62: BACK WELT PKT BAG TST *2 | E62: SN | G62: 0.68 | K62: =IF((G62+I62)>0,60/(G62+I62),0) -> 88.235294 | L62: =IF((G62+I62)>0,60/(G62+I62),0)*$L$12 -> 70.588235 | M62: =IF((G62+I62)>0,60/(G62+I62),0)*$M$12 -> 44.117647 | N62: =($G62+$I62)/$L$135 -> 1.0831906
B63: 37 | C63: BACK WELT PKT BAG LABEL ATTACH *1 | E63: SN | G63: 0.42 | K63: =IF((G63+I63)>0,60/(G63+I63),0) -> 142.85714 | L63: =IF((G63+I63)>0,60/(G63+I63),0)*$L$12 -> 114.28571 | M63: =IF((G63+I63)>0,60/(G63+I63),0)*$M$12 -> 71.428571 | N63: =($G63+$I63)/$L$135 -> 0.66902951
B64: 38 | C64: BACK WELT PKT BAG TACK TO TOP EDGE *2 | E64: SN | G64: 0.24 | K64: =IF((G64+I64)>0,60/(G64+I64),0) -> 250 | L64: =IF((G64+I64)>0,60/(G64+I64),0)*$L$12 -> 200 | M64: =IF((G64+I64)>0,60/(G64+I64),0)*$M$12 -> 125 | N64: =($G64+$I64)/$L$135 -> 0.38230258
B65: 39 | C65: BACK WELT PKT MOUTH BTK *4 | E65: BTK | G65: 0.28 | K65: =IF((G65+I65)>0,60/(G65+I65),0) -> 214.28571 | L65: =IF((G65+I65)>0,60/(G65+I65),0)*$L$12 -> 171.42857 | M65: =IF((G65+I65)>0,60/(G65+I65),0)*$M$12 -> 107.14286 | N65: =($G65+$I65)/$L$135 -> 0.44601967
N66: =($G66+$I66)/$L$135 -> 0
C67: BACK | N67: =($G67+$I67)/$L$135 -> 0
B69: 40 | C69: BACK DART MAKE *2 | E69: SN | G69: 0.44 | K69: =IF((G69+I69)>0,60/(G69+I69),0) -> 136.36364 | L69: =IF((G69+I69)>0,60/(G69+I69),0)*$L$12 -> 109.09091 | M69: =IF((G69+I69)>0,60/(G69+I69),0)*$M$12 -> 68.181818
B70: 41 | C70: BACK RISE JOIN *1 | E70: 3OL | G70: 0.32 | K70: =IF((G70+I70)>0,60/(G70+I70),0) -> 187.5 | L70: =IF((G70+I70)>0,60/(G70+I70),0)*$L$12 -> 150 | M70: =IF((G70+I70)>0,60/(G70+I70),0)*$M$12 -> 93.75 | N70: =($G70+$I70)/$L$135 -> 0.50973677
B71: 42 | C71: BACK RISE CLOSE *1 | E71: SN | G71: 0.38 | K71: =IF((G71+I71)>0,60/(G71+I71),0) -> 157.89474 | L71: =IF((G71+I71)>0,60/(G71+I71),0)*$L$12 -> 126.31579 | M71: =IF((G71+I71)>0,60/(G71+I71),0)*$M$12 -> 78.947368 | N71: =($G71+$I71)/$L$135 -> 0.60531241
B72: 43 | C72: BACK SIDE EDGE OL *1 | E72: 3OL | G72: 0.2
N73: =($G73+$I73)/$L$135 -> 0
C74: WAIST BAND *1 | N74: =($G74+$I74)/$L$135 -> 0
N75: =($G75+$I75)/$L$135 -> 0
B76: 44 | C76: IN SIDE WAIST BAND ATTACH *1 | E76: SN | G76: 0.64 | K76: =IF((G76+I76)>0,60/(G76+I76),0) -> 93.75 | L76: =IF((G76+I76)>0,60/(G76+I76),0)*$L$12 -> 75 | M76: =IF((G76+I76)>0,60/(G76+I76),0)*$M$12 -> 46.875 | N76: =($G76+$I76)/$L$135 -> 1.0194735
B77: 45 | C77: WAIST BAND CONER MAKE *2 | E77: SN | G77: 0.48 | K77: =IF((G77+I77)>0,60/(G77+I77),0) -> 125 | L77: =IF((G77+I77)>0,60/(G77+I77),0)*$L$12 -> 100 | M77: =IF((G77+I77)>0,60/(G77+I77),0)*$M$12 -> 62.5 | N77: =($G77+$I77)/$L$135 -> 0.76460515
B78: 46 | C78: WAIST BAND CONER TST *2 | E78: SN | G78: 0.16 | K78: =IF((G78+I78)>0,60/(G78+I78),0) -> 375 | L78: =IF((G78+I78)>0,60/(G78+I78),0)*$L$12 -> 300 | M78: =IF((G78+I78)>0,60/(G78+I78),0)*$M$12 -> 187.5 | N78: =($G78+$I78)/$L$135 -> 0.25486838
B79: 47 | C79: WAIST BAND ATTACH TO BODY *1 | E79: SN | G79: 0.98 | K79: =IF((G79+I79)>0,60/(G79+I79),0) -> 61.22449 | L79: =IF((G79+I79)>0,60/(G79+I79),0)*$L$12 -> 48.979592 | M79: =IF((G79+I79)>0,60/(G79+I79),0)*$M$12 -> 30.612245 | N79: =($G79+$I79)/$L$135 -> 1.5610689
B80: 48 | C80: WAIST BAND CLOSE *1 | E80: SNC | G80: 0.92 | H80: 0.38 | K80: =IF((G80+I80)>0,60/(G80+I80),0) -> 65.217391 | L80: =IF((G80+I80)>0,60/(G80+I80),0)*$L$12 -> 52.173913 | M80: =IF((G80+I80)>0,60/(G80+I80),0)*$M$12 -> 32.608696 | N80: =($G80+$I80)/$L$135 -> 1.4654932
H81: 0.65 | N81: =($G81+$I81)/$L$135 -> 0
C82: ASSMBLY | H82: 0.6 | N82: =($G82+$I82)/$L$135 -> 0
B84: 49 | C84: SIDE SEAM ZIPPER ATTACH TO BACK SIDE *1 | E84: SN | G84: 0.4 | K84: =IF((G84+I84)>0,60/(G84+I84),0) -> 150 | L84: =IF((G84+I84)>0,60/(G84+I84),0)*$L$12 -> 120 | M84: =IF((G84+I84)>0,60/(G84+I84),0)*$M$12 -> 75
B85: 50 | C85: SIDE SEM ATTACH *1 | E85: SN | G85: 0.62 | K85: =IF((G85+I85)>0,60/(G85+I85),0) -> 96.774194 | L85: =IF((G85+I85)>0,60/(G85+I85),0)*$L$12 -> 77.419355 | M85: =IF((G85+I85)>0,60/(G85+I85),0)*$M$12 -> 48.387097
B86: 51 | C86: SIDE SEAM ZIPPER BTK *2 | E86: BTK | G86: 0.12 | K86: =IF((G86+I86)>0,60/(G86+I86),0) -> 500 | L86: =IF((G86+I86)>0,60/(G86+I86),0)*$L$12 -> 400 | M86: =IF((G86+I86)>0,60/(G86+I86),0)*$M$12 -> 250
B87: 52 | C87: SIDE SEAM JOIN *2 | E87: 5OL | G87: 0.88 | H87: 0.75 | K87: =IF((G87+I87)>0,60/(G87+I87),0) -> 68.181818 | L87: =IF((G87+I87)>0,60/(G87+I87),0)*$L$12 -> 54.545455 | M87: =IF((G87+I87)>0,60/(G87+I87),0)*$M$12 -> 34.090909 | N87: =($G87+$I87)/$L$135 -> 1.4017761
B88: 53 | C88: PO LABEL TACK WITH ATTACH TO WAIST *1 | E88: SN | G88: 0.36 | K88: =IF((G88+I88)>0,60/(G88+I88),0) -> 166.66667 | L88: =IF((G88+I88)>0,60/(G88+I88),0)*$L$12 -> 133.33333 | M88: =IF((G88+I88)>0,60/(G88+I88),0)*$M$12 -> 83.333333 | N88: =($G88+$I88)/$L$135 -> 0.57345386
B89: 54 | C89: WAIST BAND LOOP MAKE WITH TRUN *1 | E89: SN | G89: 0.28 | K89: =IF((G89+I89)>0,60/(G89+I89),0) -> 214.28571 | L89: =IF((G89+I89)>0,60/(G89+I89),0)*$L$12 -> 171.42857 | M89: =IF((G89+I89)>0,60/(G89+I89),0)*$M$12 -> 107.14286 | N89: =($G89+$I89)/$L$135 -> 0.44601967
B90: 55 | C90: WAIST BAND LOOP TACK *5 | E90: SN | G90: 0.5 | H90: 0.36 | K90: =IF((G90+I90)>0,60/(G90+I90),0) -> 120 | L90: =IF((G90+I90)>0,60/(G90+I90),0)*$L$12 -> 96 | M90: =IF((G90+I90)>0,60/(G90+I90),0)*$M$12 -> 60 | N90: =($G90+$I90)/$L$135 -> 0.7964637
B91: 56 | C91: 1ST LOOP TACK *5 | E91: SN | G91: 0.44 | K91: =IF((G91+I91)>0,60/(G91+I91),0) -> 136.36364 | L91: =IF((G91+I91)>0,60/(G91+I91),0)*$L$12 -> 109.09091 | M91: =IF((G91+I91)>0,60/(G91+I91),0)*$M$12 -> 68.181818 | N91: =($G91+$I91)/$L$135 -> 0.70088806
B92: 57 | C92: 1ST LOOP TACK BTK *5 | E92: BTK | G92: 0.3 | K92: =IF((G92+I92)>0,60/(G92+I92),0) -> 200 | L92: =IF((G92+I92)>0,60/(G92+I92),0)*$L$12 -> 160 | M92: =IF((G92+I92)>0,60/(G92+I92),0)*$M$12 -> 100 | N92: =($G92+$I92)/$L$135 -> 0.47787822
B93: 58 | C93: 2ND LOOP TACK *5 | E93: SN | G93: 0.38 | K93: =IF((G93+I93)>0,60/(G93+I93),0) -> 157.89474 | L93: =IF((G93+I93)>0,60/(G93+I93),0)*$L$12 -> 126.31579 | M93: =IF((G93+I93)>0,60/(G93+I93),0)*$M$12 -> 78.947368 | N93: =($G93+$I93)/$L$135 -> 0.60531241
B94: 59 | C94: 2ND LOOP TACK BTK *5 | E94: BTK | G94: 0.3 | K94: =IF((G94+I94)>0,60/(G94+I94),0) -> 200 | L94: =IF((G94+I94)>0,60/(G94+I94),0)*$L$12 -> 160 | M94: =IF((G94+I94)>0,60/(G94+I94),0)*$M$12 -> 100 | N94: =($G94+$I94)/$L$135 -> 0.47787822
B95: 60 | C95: IN SEAM JOIN *1 | E95: 5OL | G95: 0.58 | H95: 0.76 | K95: =IF((G95+I95)>0,60/(G95+I95),0) -> 103.44828 | L95: =IF((G95+I95)>0,60/(G95+I95),0)*$L$12 -> 82.758621 | M95: =IF((G95+I95)>0,60/(G95+I95),0)*$M$12 -> 51.724138 | N95: =($G95+$I95)/$L$135 -> 0.92389789
B96: 61 | C96: BTM HEM CLOSE *2 | E96: SN | G96: 0.67 | H96: 0.62 | K96: =IF((G96+I96)>0,60/(G96+I96),0) -> 89.552239 | L96: =IF((G96+I96)>0,60/(G96+I96),0)*$L$12 -> 71.641791 | M96: =IF((G96+I96)>0,60/(G96+I96),0)*$M$12 -> 44.776119 | N96: =($G96+$I96)/$L$135 -> 1.0672614
B97: 62 | C97: IN SEAM BTK *1 | E97: BTK | G97: 0.07 | H97: 0.45 | K97: =IF((G97+I97)>0,60/(G97+I97),0) -> 857.14286 | L97: =IF((G97+I97)>0,60/(G97+I97),0)*$L$12 -> 685.71429 | M97: =IF((G97+I97)>0,60/(G97+I97),0)*$M$12 -> 428.57143 | N97: =($G97+$I97)/$L$135 -> 0.11150492
C98: EX | N98: =($G98+$I98)/$L$135 -> 0
C100: TOTAL SEW SMV | G100: =SUM(G15:G99) -> 25.111
C101: FINISHING
B103: F1 | C103: WAIST BAND BUTTON ATTACH *2 | E103: SNP | G103: 0.32 | K103: =IF((G103+I103)>0,60/(G103+I103),0) -> 187.5 | L103: =IF((G103+I103)>0,60/(G103+I103),0)*$L$12 -> 150 | M103: =IF((G103+I103)>0,60/(G103+I103),0)*$M$12 -> 93.75
C106: TOTAL FINISHING SMV | G106: =SUM(G103:G105) -> 0.32 | L106: =G106*1.05 -> 0.336
C107: PRINT ATTACH
B109: P1 | C109: WAIST BAND PRINT ATTACH *1 | E109: IRON | G109: 0.32 | K109: =IF((G109+I109)>0,60/(G109+I109),0) -> 187.5 | L109: =IF((G109+I109)>0,60/(G109+I109),0)*$L$12 -> 150 | M109: =IF((G109+I109)>0,60/(G109+I109),0)*$M$12 -> 93.75
B110: P2 | C110: WAIST BAND PRINT ATTACH HS *1 | E110: HS | G110: 0.35 | K110: =IF((G110+I110)>0,60/(G110+I110),0) -> 171.42857 | L110: =IF((G110+I110)>0,60/(G110+I110),0)*$L$12 -> 137.14286 | M110: =IF((G110+I110)>0,60/(G110+I110),0)*$M$12 -> 85.714286
C112: PRINT ATTACH SMV | G112: =SUM(G109:G111) -> 0.67 | L112: =G112*1.05 -> 0.7035
C113: HELPER
B115: H1 | C115: FLY BOX TRUN *1 | E115: HL | G115: 0.2 | K115: =IF((G115+I115)>0,60/(G115+I115),0) -> 300 | L115: =IF((G115+I115)>0,60/(G115+I115),0)*$L$12 -> 240 | M115: =IF((G115+I115)>0,60/(G115+I115),0)*$M$12 -> 150
B116: H2 | C116: FLY BOX IRON *1 | E116: IRON | G116: 0.24 | K116: =IF((G116+I116)>0,60/(G116+I116),0) -> 250 | L116: =IF((G116+I116)>0,60/(G116+I116),0)*$L$12 -> 200 | M116: =IF((G116+I116)>0,60/(G116+I116),0)*$M$12 -> 125
B117: H3 | C117: BACK WELT CONER CUT *4 | E117: HL | G117: 0.55 | K117: =IF((G117+I117)>0,60/(G117+I117),0) -> 109.09091 | L117: =IF((G117+I117)>0,60/(G117+I117),0)*$L$12 -> 87.272727 | M117: =IF((G117+I117)>0,60/(G117+I117),0)*$M$12 -> 54.545455
B118: H4 | C118: BACK WELT MOUTH FIUSING ATTACH *2 | E118: IRON | G118: 0.34
...

Sheet Lay out
B1: LINE LAYOUT | E1: CONCORD APPAREL (PVT) LTD.
E2: BLOCK A0, SEETHAWAKA INDUSTRIAL PARK, AVISSAWELLA, SRI LANKA.
E3: TEL : 036-2265000
B5: IE OFFICER | E5: NAWAM
B7: MO : | E7: 26 | Q7: SMV | T7: 49.3
B8: TEAM: | E8: 8 | Q8: PLANNED EFF% | T8: 0.75
B9: STYLE | E9: 3801 | Q9: PLANNED TARGET PER HOUR | T9: =IFERROR(((E7*60/T7)*T8),"") -> 23.732252
B10: DESCRIPTION | E10: JACKET | Q10: TACK TIME | T10: =T7/E7 -> 1.8961538
B13: =IFERROR(VLOOKUP(C13,OB!$B$1:$N$131,4,FALSE),"") | D13: =IFERROR(VLOOKUP(C13,OB!$B$1:$N$131,2,FALSE),"") | F13: =IFERROR(VLOOKUP(C13,OB!$B$1:$N$131,6,FALSE),"") | G13: =SUM(F13:F18) -> 0 | Q13: =IFERROR(VLOOKUP(R13,OB!$B$1:$N$131,4,FALSE),"") | S13: =IFERROR(VLOOKUP(R13,OB!$B$1:$N$131,2,FALSE),"") | U13: =IFERROR(VLOOKUP(R13,OB!$B$1:$N$131,6,FALSE),"") | V13: =SUM(U13:U18) -> 0
B14: =IFERROR(VLOOKUP(C14,OB!$B$1:$N$131,4,FALSE),"") | D14: =IFERROR(VLOOKUP(C14,OB!$B$1:$N$131,2,FALSE),"") | F14: =IFERROR(VLOOKUP(C14,OB!$B$1:$N$131,6,FALSE),"") | G14: =IFERROR(60/G13,"") | Q14: =IFERROR(VLOOKUP(R14,OB!$B$1:$N$131,4,FALSE),"") | S14: =IFERROR(VLOOKUP(R14,OB!$B$1:$N$131,2,FALSE),"") | U14: =IFERROR(VLOOKUP(R14,OB!$B$1:$N$131,6,FALSE),"") | V14: =IFERROR(60/V13,"")
B15: =IFERROR(VLOOKUP(C15,OB!$B$1:$N$131,4,FALSE),"") | C15: H19 | D15: =IFERROR(VLOOKUP(C15,OB!$B$1:$N$131,2,FALSE),"") | F15: =IFERROR(VLOOKUP(C15,OB!$B$1:$N$131,6,FALSE),"") | Q15: =IFERROR(VLOOKUP(R15,OB!$B$1:$N$131,4,FALSE),"") | R15: H19 | S15: =IFERROR(VLOOKUP(R15,OB!$B$1:$N$131,2,FALSE),"") | U15: =IFERROR(VLOOKUP(R15,OB!$B$1:$N$131,6,FALSE),"")
B16: =IFERROR(VLOOKUP(C16,OB!$B$1:$N$131,4,FALSE),"") | D16: =IFERROR(VLOOKUP(C16,OB!$B$1:$N$131,2,FALSE),"") | F16: =IFERROR(VLOOKUP(C16,OB!$B$1:$N$131,6,FALSE),"") | Q16: =IFERROR(VLOOKUP(R16,OB!$B$1:$N$131,4,FALSE),"") | S16: =IFERROR(VLOOKUP(R16,OB!$B$1:$N$131,2,FALSE),"") | U16: =IFERROR(VLOOKUP(R16,OB!$B$1:$N$131,6,FALSE),"")
B17: =IFERROR(VLOOKUP(C17,OB!$B$1:$N$131,4,FALSE),"") | D17: =IFERROR(VLOOKUP(C17,OB!$B$1:$N$131,2,FALSE),"") | F17: =IFERROR(VLOOKUP(C17,OB!$B$1:$N$131,6,FALSE),"") | G17: =IFERROR(G13/$T$10,"") -> 0 | Q17: =IFERROR(VLOOKUP(R17,OB!$B$1:$N$131,4,FALSE),"") | S17: =IFERROR(VLOOKUP(R17,OB!$B$1:$N$131,2,FALSE),"") | U17: =IFERROR(VLOOKUP(R17,OB!$B$1:$N$131,6,FALSE),"") | V17: =IFERROR(V13/$T$10,"") -> 0
B18: =IFERROR(VLOOKUP(C18,OB!$B$1:$N$131,4,FALSE),"") | D18: =IFERROR(VLOOKUP(C18,OB!$B$1:$N$131,2,FALSE),"") | F18: =IFERROR(VLOOKUP(C18,OB!$B$1:$N$131,6,FALSE),"") | Q18: =IFERROR(VLOOKUP(R18,OB!$B$1:$N$131,4,FALSE),"") | S18: =IFERROR(VLOOKUP(R18,OB!$B$1:$N$131,2,FALSE),"") | U18: =IFERROR(VLOOKUP(R18,OB!$B$1:$N$131,6,FALSE),"")
B20: =IFERROR(VLOOKUP(C20,OB!$B$1:$N$131,4,FALSE),"") | D20: =IFERROR(VLOOKUP(C20,OB!$B$1:$N$131,2,FALSE),"") | F20: =IFERROR(VLOOKUP(C20,OB!$B$1:$N$131,6,FALSE),"") | G20: =SUM(F20:F25) -> 0 | Q20: =IFERROR(VLOOKUP(R20,OB!$B$1:$N$131,4,FALSE),"") | S20: =IFERROR(VLOOKUP(R20,OB!$B$1:$N$131,2,FALSE),"") | U20: =IFERROR(VLOOKUP(R20,OB!$B$1:$N$131,6,FALSE),"") | V20: =SUM(U20:U25) -> 0.24
B21: =IFERROR(VLOOKUP(C21,OB!$B$1:$N$131,4,FALSE),"") | D21: =IFERROR(VLOOKUP(C21,OB!$B$1:$N$131,2,FALSE),"") | F21: =IFERROR(VLOOKUP(C21,OB!$B$1:$N$131,6,FALSE),"") | G21: =IFERROR(60/G20,"") | Q21: =IFERROR(VLOOKUP(R21,OB!$B$1:$N$131,4,FALSE),"") -> SN | R21: 38 | S21: =IFERROR(VLOOKUP(R21,OB!$B$1:$N$131,2,FALSE),"") -> BACK WELT PKT BAG TACK TO TOP EDGE *2 | U21: =IFERROR(VLOOKUP(R21,OB!$B$1:$N$131,6,FALSE),"") -> 0.24 | V21: =IFERROR(60/V20,"") -> 250
B22: =IFERROR(VLOOKUP(C22,OB!$B$1:$N$131,4,FALSE),"") | C22: H18 | D22: =IFERROR(VLOOKUP(C22,OB!$B$1:$N$131,2,FALSE),"") | F22: =IFERROR(VLOOKUP(C22,OB!$B$1:$N$131,6,FALSE),"") | Q22: =IFERROR(VLOOKUP(R22,OB!$B$1:$N$131,4,FALSE),"") | R22: 107 | S22: =IFERROR(VLOOKUP(R22,OB!$B$1:$N$131,2,FALSE),"") | U22: =IFERROR(VLOOKUP(R22,OB!$B$1:$N$131,6,FALSE),"")
B23: =IFERROR(VLOOKUP(C23,OB!$B$1:$N$131,4,FALSE),"") | D23: =IFERROR(VLOOKUP(C23,OB!$B$1:$N$131,2,FALSE),"") | F23: =IFERROR(VLOOKUP(C23,OB!$B$1:$N$131,6,FALSE),"") | Q23: =IFERROR(VLOOKUP(R23,OB!$B$1:$N$131,4,FALSE),"") | R23: 108 | S23: =IFERROR(VLOOKUP(R23,OB!$B$1:$N$131,2,FALSE),"") | U23: =IFERROR(VLOOKUP(R23,OB!$B$1:$N$131,6,FALSE),"")
B24: =IFERROR(VLOOKUP(C24,OB!$B$1:$N$131,4,FALSE),"") | D24: =IFERROR(VLOOKUP(C24,OB!$B$1:$N$131,2,FALSE),"") | F24: =IFERROR(VLOOKUP(C24,OB!$B$1:$N$131,6,FALSE),"") | G24: =IFERROR(G20/$T$10,"") -> 0 | Q24: =IFERROR(VLOOKUP(R24,OB!$B$1:$N$131,4,FALSE),"") | R24: B1 | S24: =IFERROR(VLOOKUP(R24,OB!$B$1:$N$131,2,FALSE),"") | U24: =IFERROR(VLOOKUP(R24,OB!$B$1:$N$131,6,FALSE),"") | V24: =IFERROR(V20/$T$10,"") -> 0.12657201
B25: =IFERROR(VLOOKUP(C25,OB!$B$1:$N$131,4,FALSE),"") | D25: =IFERROR(VLOOKUP(C25,OB!$B$1:$N$131,2,FALSE),"") | F25: =IFERROR(VLOOKUP(C25,OB!$B$1:$N$131,6,FALSE),"") | Q25: =IFERROR(VLOOKUP(R25,OB!$B$1:$N$131,4,FALSE),"") | S25: =IFERROR(VLOOKUP(R25,OB!$B$1:$N$131,2,FALSE),"") | U25: =IFERROR(VLOOKUP(R25,OB!$B$1:$N$131,6,FALSE),"")
B27: =IFERROR(VLOOKUP(C27,OB!$B$1:$N$131,4,FALSE),"") | D27: =IFERROR(VLOOKUP(C27,OB!$B$1:$N$131,2,FALSE),"") | F27: =IFERROR(VLOOKUP(C27,OB!$B$1:$N$131,6,FALSE),"") | G27: =SUM(F27:F32) -> 0 | Q27: =IFERROR(VLOOKUP(R27,OB!$B$1:$N$131,4,FALSE),"") | S27: =IFERROR(VLOOKUP(R27,OB!$B$1:$N$131,2,FALSE),"") | U27: =IFERROR(VLOOKUP(R27,OB!$B$1:$N$131,6,FALSE),"") | V27: =SUM(U27:U32) -> 0.44
B28: =IFERROR(VLOOKUP(C28,OB!$B$1:$N$131,4,FALSE),"") | C28: 101 | D28: =IFERROR(VLOOKUP(C28,OB!$B$1:$N$131,2,FALSE),"") | F28: =IFERROR(VLOOKUP(C28,OB!$B$1:$N$131,6,FALSE),"") | G28: =IFERROR(60/G27,"") | Q28: =IFERROR(VLOOKUP(R28,OB!$B$1:$N$131,4,FALSE),"") | R28: 102 | S28: =IFERROR(VLOOKUP(R28,OB!$B$1:$N$131,2,FALSE),"") | U28: =IFERROR(VLOOKUP(R28,OB!$B$1:$N$131,6,FALSE),"") | V28: =IFERROR(60/V27,"") -> 136.36364
B29: =IFERROR(VLOOKUP(C29,OB!$B$1:$N$131,4,FALSE),"") | C29: 103 | D29: =IFERROR(VLOOKUP(C29,OB!$B$1:$N$131,2,FALSE),"") | F29: =IFERROR(VLOOKUP(C29,OB!$B$1:$N$131,6,FALSE),"") | Q29: =IFERROR(VLOOKUP(R29,OB!$B$1:$N$131,4,FALSE),"") | R29: 105 | S29: =IFERROR(VLOOKUP(R29,OB!$B$1:$N$131,2,FALSE),"") | U29: =IFERROR(VLOOKUP(R29,OB!$B$1:$N$131,6,FALSE),"")
B30: =IFERROR(VLOOKUP(C30,OB!$B$1:$N$131,4,FALSE),"") | C30: 106 | D30: =IFERROR(VLOOKUP(C30,OB!$B$1:$N$131,2,FALSE),"") | F30: =IFERROR(VLOOKUP(C30,OB!$B$1:$N$131,6,FALSE),"") | Q30: =IFERROR(VLOOKUP(R30,OB!$B$1:$N$131,4,FALSE),"") -> SN | R30: 2 | S30: =IFERROR(VLOOKUP(R30,OB!$B$1:$N$131,2,FALSE),"") -> IN SIDE COIN PKT ATTACH *1 | U30: =IFERROR(VLOOKUP(R30,OB!$B$1:$N$131,6,FALSE),"") -> 0.28
B31: =IFERROR(VLOOKUP(C31,OB!$B$1:$N$131,4,FALSE),"") | D31: =IFERROR(VLOOKUP(C31,OB!$B$1:$N$131,2,FALSE),"") | F31: =IFERROR(VLOOKUP(C31,OB!$B$1:$N$131,6,FALSE),"") | G31: =IFERROR(G27/$T$10,"") -> 0 | Q31: =IFERROR(VLOOKUP(R31,OB!$B$1:$N$131,4,FALSE),"") -> SN | R31: 3 | S31: =IFERROR(VLOOKUP(R31,OB!$B$1:$N$131,2,FALSE),"") -> SIDE ZIPPER EDEG TACK *2 | U31: =IFERROR(VLOOKUP(R31,OB!$B$1:$N$131,6,FALSE),"") -> 0.16 | V31: =IFERROR(V27/$T$10,"") -> 0.23204868
B32: =IFERROR(VLOOKUP(C32,OB!$B$1:$N$131,4,FALSE),"") | D32: =IFERROR(VLOOKUP(C32,OB!$B$1:$N$131,2,FALSE),"") | F32: =IFERROR(VLOOKUP(C32,OB!$B$1:$N$131,6,FALSE),"") | Q32: =IFERROR(VLOOKUP(R32,OB!$B$1:$N$131,4,FALSE),"") | S32: =IFERROR(VLOOKUP(R32,OB!$B$1:$N$131,2,FALSE),"") | U32: =IFERROR(VLOOKUP(R32,OB!$B$1:$N$131,6,FALSE),"")
B34: =IFERROR(VLOOKUP(C34,OB!$B$1:$N$131,4,FALSE),"") | D34: =IFERROR(VLOOKUP(C34,OB!$B$1:$N$131,2,FALSE),"") | F34: =IFERROR(VLOOKUP(C34,OB!$B$1:$N$131,6,FALSE),"") | G34: =SUM(F34:F39) -> 0.86 | Q34: =IFERROR(VLOOKUP(R34,OB!$B$1:$N$131,4,FALSE),"") | S34: =IFERROR(VLOOKUP(R34,OB!$B$1:$N$131,2,FALSE),"") | U34: =IFERROR(VLOOKUP(R34,OB!$B$1:$N$131,6,FALSE),"") | V34: =SUM(U34:U39) -> 0
B35: =IFERROR(VLOOKUP(C35,OB!$B$1:$N$131,4,FALSE),"") -> SN | C35: 4 | D35: =IFERROR(VLOOKUP(C35,OB!$B$1:$N$131,2,FALSE),"") -> SIDE ZIPPER PKT BAG FACIN ATTACH *1 | F35: =IFERROR(VLOOKUP(C35,OB!$B$1:$N$131,6,FALSE),"") -> 0.22 | G35: =IFERROR(60/G34,"") -> 69.767442 | Q35: =IFERROR(VLOOKUP(R35,OB!$B$1:$N$131,4,FALSE),"") | S35: =IFERROR(VLOOKUP(R35,OB!$B$1:$N$131,2,FALSE),"") | U35: =IFERROR(VLOOKUP(R35,OB!$B$1:$N$131,6,FALSE),"") | V35: =IFERROR(60/V34,"")
B36: =IFERROR(VLOOKUP(C36,OB!$B$1:$N$131,4,FALSE),"") -> SN | C36: 3 | D36: =IFERROR(VLOOKUP(C36,OB!$B$1:$N$131,2,FALSE),"") -> SIDE ZIPPER EDEG TACK *2 | F36: =IFERROR(VLOOKUP(C36,OB!$B$1:$N$131,6,FALSE),"") -> 0.16 | Q36: =IFERROR(VLOOKUP(R36,OB!$B$1:$N$131,4,FALSE),"") | R36: 95 | S36: =IFERROR(VLOOKUP(R36,OB!$B$1:$N$131,2,FALSE),"") | U36: =IFERROR(VLOOKUP(R36,OB!$B$1:$N$131,6,FALSE),"")
B37: =IFERROR(VLOOKUP(C37,OB!$B$1:$N$131,4,FALSE),"") -> SN | C37: 2 | D37: =IFERROR(VLOOKUP(C37,OB!$B$1:$N$131,2,FALSE),"") -> IN SIDE COIN PKT ATTACH *1 | F37: =IFERROR(VLOOKUP(C37,OB!$B$1:$N$131,6,FALSE),"") -> 0.28 | Q37: =IFERROR(VLOOKUP(R37,OB!$B$1:$N$131,4,FALSE),"") | R37: 96 | S37: =IFERROR(VLOOKUP(R37,OB!$B$1:$N$131,2,FALSE),"") | U37: =IFERROR(VLOOKUP(R37,OB!$B$1:$N$131,6,FALSE),"")
B38: =IFERROR(VLOOKUP(C38,OB!$B$1:$N$131,4,FALSE),"") -> SN | C38: 1 | D38: =IFERROR(VLOOKUP(C38,OB!$B$1:$N$131,2,FALSE),"") -> IN SIDE COIN PKT HEM *1 | F38: =IFERROR(VLOOKUP(C38,OB!$B$1:$N$131,6,FALSE),"") -> 0.2 | G38: =IFERROR(G34/$T$10,"") -> 0.4535497 | Q38: =IFERROR(VLOOKUP(R38,OB!$B$1:$N$131,4,FALSE),"") | S38: =IFERROR(VLOOKUP(R38,OB!$B$1:$N$131,2,FALSE),"") | U38: =IFERROR(VLOOKUP(R38,OB!$B$1:$N$131,6,FALSE),"") | V38: =IFERROR(V34/$T$10,"") -> 0
B39: =IFERROR(VLOOKUP(C39,OB!$B$1:$N$131,4,FALSE),"") | D39: =IFERROR(VLOOKUP(C39,OB!$B$1:$N$131,2,FALSE),"") | F39: =IFERROR(VLOOKUP(C39,OB!$B$1:$N$131,6,FALSE),"") | Q39: =IFERROR(VLOOKUP(R39,OB!$B$1:$N$131,4,FALSE),"") | S39: =IFERROR(VLOOKUP(R39,OB!$B$1:$N$131,2,FALSE),"") | U39: =IFERROR(VLOOKUP(R39,OB!$B$1:$N$131,6,FALSE),"")
B41: =IFERROR(VLOOKUP(C41,OB!$B$1:$N$131,4,FALSE),"") | D41: =IFERROR(VLOOKUP(C41,OB!$B$1:$N$131,2,FALSE),"") | F41: =IFERROR(VLOOKUP(C41,OB!$B$1:$N$131,6,FALSE),"") | G41: =SUM(F41:F47) -> 0 | Q41: =IFERROR(VLOOKUP(R41,OB!$B$1:$N$131,4,FALSE),"") | S41: =IFERROR(VLOOKUP(R41,OB!$B$1:$N$131,2,FALSE),"") | U41: =IFERROR(VLOOKUP(R41,OB!$B$1:$N$131,6,FALSE),"") | V41: =SUM(U41:U47) -> 0
B42: =IFERROR(VLOOKUP(C42,OB!$B$1:$N$131,4,FALSE),"") | D42: =IFERROR(VLOOKUP(C42,OB!$B$1:$N$131,2,FALSE),"") | F42: =IFERROR(VLOOKUP(C42,OB!$B$1:$N$131,6,FALSE),"") | G42: =IFERROR(60/G41,"") | Q42: =IFERROR(VLOOKUP(R42,OB!$B$1:$N$131,4,FALSE),"") | S42: =IFERROR(VLOOKUP(R42,OB!$B$1:$N$131,2,FALSE),"") | U42: =IFERROR(VLOOKUP(R42,OB!$B$1:$N$131,6,FALSE),"") | V42: =IFERROR(60/V41,"")
B43: =IFERROR(VLOOKUP(C43,OB!$B$1:$N$131,4,FALSE),"") | C43: 98 | D43: =IFERROR(VLOOKUP(C43,OB!$B$1:$N$131,2,FALSE),"") | F43: =IFERROR(VLOOKUP(C43,OB!$B$1:$N$131,6,FALSE),"") | Q43: =IFERROR(VLOOKUP(R43,OB!$B$1:$N$131,4,FALSE),"") | R43: 78 | S43: =IFERROR(VLOOKUP(R43,OB!$B$1:$N$131,2,FALSE),"") | U43: =IFERROR(VLOOKUP(R43,OB!$B$1:$N$131,6,FALSE),"")
B44: =IFERROR(VLOOKUP(C44,OB!$B$1:$N$131,4,FALSE),"") | C44: H12 | D44: =IFERROR(VLOOKUP(C44,OB!$B$1:$N$131,2,FALSE),"") | F44: =IFERROR(VLOOKUP(C44,OB!$B$1:$N$131,6,FALSE),"") | Q44: =IFERROR(VLOOKUP(R44,OB!$B$1:$N$131,4,FALSE),"") | S44: =IFERROR(VLOOKUP(R44,OB!$B$1:$N$131,2,FALSE),"") | U44: =IFERROR(VLOOKUP(R44,OB!$B$1:$N$131,6,FALSE),"")
B45: =IFERROR(VLOOKUP(C45,OB!$B$1:$N$131,4,FALSE),"") | D45: =IFERROR(VLOOKUP(C45,OB!$B$1:$N$131,2,FALSE),"") | F45: =IFERROR(VLOOKUP(C45,OB!$B$1:$N$131,6,FALSE),"") | Q45: =IFERROR(VLOOKUP(R45,OB!$B$1:$N$131,4,FALSE),"") | S45: =IFERROR(VLOOKUP(R45,OB!$B$1:$N$131,2,FALSE),"") | U45: =IFERROR(VLOOKUP(R45,OB!$B$1:$N$131,6,FALSE),"")
B46: =IFERROR(VLOOKUP(C46,OB!$B$1:$N$131,4,FALSE),"") | D46: =IFERROR(VLOOKUP(C46,OB!$B$1:$N$131,2,FALSE),"") | F46: =IFERROR(VLOOKUP(C46,OB!$B$1:$N$131,6,FALSE),"") | G46: =IFERROR(G41/$T$10,"") -> 0 | Q46: =IFERROR(VLOOKUP(R46,OB!$B$1:$N$131,4,FALSE),"") | S46: =IFERROR(VLOOKUP(R46,OB!$B$1:$N$131,2,FALSE),"") | U46: =IFERROR(VLOOKUP(R46,OB!$B$1:$N$131,6,FALSE),"") | V46: =IFERROR(V41/$T$10,"") -> 0
B47: =IFERROR(VLOOKUP(C47,OB!$B$1:$N$131,4,FALSE),"") | D47: =IFERROR(VLOOKUP(C47,OB!$B$1:$N$131,2,FALSE),"") | F47: =IFERROR(VLOOKUP(C47,OB!$B$1:$N$131,6,FALSE),"") | Q47: =IFERROR(VLOOKUP(R47,OB!$B$1:$N$131,4,FALSE),"") | S47: =IFERROR(VLOOKUP(R47,OB!$B$1:$N$131,2,FALSE),"") | U47: =IFERROR(VLOOKUP(R47,OB!$B$1:$N$131,6,FALSE),"")
B49: =IFERROR(VLOOKUP(C49,OB!$B$1:$N$131,4,FALSE),"") | D49: =IFERROR(VLOOKUP(C49,OB!$B$1:$N$131,2,FALSE),"") | F49: =IFERROR(VLOOKUP(C49,OB!$B$1:$N$131,6,FALSE),"") | G49: =SUM(F49:F54) -> 0 | Q49: =IFERROR(VLOOKUP(R49,OB!$B$1:$N$131,4,FALSE),"") | S49: =IFERROR(VLOOKUP(R49,OB!$B$1:$N$131,2,FALSE),"") | U49: =IFERROR(VLOOKUP(R49,OB!$B$1:$N$131,6,FALSE),"") | V49: =SUM(U49:U54) -> 0
B50: =IFERROR(VLOOKUP(C50,OB!$B$1:$N$131,4,FALSE),"") | C50: 71 | D50: =IFERROR(VLOOKUP(C50,OB!$B$1:$N$131,2,FALSE),"") | F50: =IFERROR(VLOOKUP(C50,OB!$B$1:$N$131,6,FALSE),"") | G50: =IFERROR(60/G49,"") | Q50: =IFERROR(VLOOKUP(R50,OB!$B$1:$N$131,4,FALSE),"") | R50: 89 | S50: =IFERROR(VLOOKUP(R50,OB!$B$1:$N$131,2,FALSE),"") | U50: =IFERROR(VLOOKUP(R50,OB!$B$1:$N$131,6,FALSE),"") | V50: =IFERROR(60/V49,"")
B51: =IFERROR(VLOOKUP(C51,OB!$B$1:$N$131,4,FALSE),"") | C51: 93 | D51: =IFERROR(VLOOKUP(C51,OB!$B$1:$N$131,2,FALSE),"") | F51: =IFERROR(VLOOKUP(C51,OB!$B$1:$N$131,6,FALSE),"") | Q51: =IFERROR(VLOOKUP(R51,OB!$B$1:$N$131,4,FALSE),"") | R51: 90 | S51: =IFERROR(VLOOKUP(R51,OB!$B$1:$N$131,2,FALSE),"") | U51: =IFERROR(VLOOKUP(R51,OB!$B$1:$N$131,6,FALSE),"")
B52: =IFERROR(VLOOKUP(C52,OB!$B$1:$N$131,4,FALSE),"") | C52: 94 | D52: =IFERROR(VLOOKUP(C52,OB!$B$1:$N$131,2,FALSE),"") | F52: =IFERROR(VLOOKUP(C52,OB!$B$1:$N$131,6,FALSE),"") | Q52: =IFERROR(VLOOKUP(R52,OB!$B$1:$N$131,4,FALSE),"") | R52: 91 | S52: =IFERROR(VLOOKUP(R52,OB!$B$1:$N$131,2,FALSE),"") | U52: =IFERROR(VLOOKUP(R52,OB!$B$1:$N$131,6,FALSE),"")
B53: =IFERROR(VLOOKUP(C53,OB!$B$1:$N$131,4,FALSE),"") | D53: =IFERROR(VLOOKUP(C53,OB!$B$1:$N$131,2,FALSE),"") | F53: =IFERROR(VLOOKUP(C53,OB!$B$1:$N$131,6,FALSE),"") | G53: =IFERROR(G49/$T$10,"") -> 0 | Q53: =IFERROR(VLOOKUP(R53,OB!$B$1:$N$131,4,FALSE),"") | R53: 92 | S53: =IFERROR(VLOOKUP(R53,OB!$B$1:$N$131,2,FALSE),"") | U53: =IFERROR(VLOOKUP(R53,OB!$B$1:$N$131,6,FALSE),"") | V53: =IFERROR(V49/$T$10,"") -> 0
B54: =IFERROR(VLOOKUP(C54,OB!$B$1:$N$131,4,FALSE),"") | D54: =IFERROR(VLOOKUP(C54,OB!$B$1:$N$131,2,FALSE),"") | F54: =IFERROR(VLOOKUP(C54,OB!$B$1:$N$131,6,FALSE),"") | Q54: =IFERROR(VLOOKUP(R54,OB!$B$1:$N$131,4,FALSE),"") | S54: =IFERROR(VLOOKUP(R54,OB!$B$1:$N$131,2,FALSE),"") | U54: =IFERROR(VLOOKUP(R54,OB!$B$1:$N$131,6,FALSE),"")
B56: =IFERROR(VLOOKUP(C56,OB!$B$1:$N$131,4,FALSE),"") | D56: =IFERROR(VLOOKUP(C56,OB!$B$1:$N$131,2,FALSE),"") | F56: =IFERROR(VLOOKUP(C56,OB!$B$1:$N$131,6,FALSE),"") | G56: =SUM(F56:F61) -> 0 | Q56: =IFERROR(VLOOKUP(R56,OB!$B$1:$N$131,4,FALSE),"") | S56: =IFERROR(VLOOKUP(R56,OB!$B$1:$N$131,2,FALSE),"") | U56: =IFERROR(VLOOKUP(R56,OB!$B$1:$N$131,6,FALSE),"") | V56: =SUM(U56:U61) -> 1.04
B57: =IFERROR(VLOOKUP(C57,OB!$B$1:$N$131,4,FALSE),"") | D57: =IFERROR(VLOOKUP(C57,OB!$B$1:$N$131,2,FALSE),"") | F57: =IFERROR(VLOOKUP(C57,OB!$B$1:$N$131,6,FALSE),"") | G57: =IFERROR(60/G56,"") | Q57: =IFERROR(VLOOKUP(R57,OB!$B$1:$N$131,4,FALSE),"") | S57: =IFERROR(VLOOKUP(R57,OB!$B$1:$N$131,2,FALSE),"") | U57: =IFERROR(VLOOKUP(R57,OB!$B$1:$N$131,6,FALSE),"") | V57: =IFERROR(60/V56,"") -> 57.692308
B58: =IFERROR(VLOOKUP(C58,OB!$B$1:$N$131,4,FALSE),"") | C58: 64 | D58: =IFERROR(VLOOKUP(C58,OB!$B$1:$N$131,2,FALSE),"") | F58: =IFERROR(VLOOKUP(C58,OB!$B$1:$N$131,6,FALSE),"") | Q58: =IFERROR(VLOOKUP(R58,OB!$B$1:$N$131,4,FALSE),"") -> IRON | R58: H5 | S58: =IFERROR(VLOOKUP(R58,OB!$B$1:$N$131,2,FALSE),"") -> BACK WELT FINISH IRON *2 | U58: =IFERROR(VLOOKUP(R58,OB!$B$1:$N$131,6,FALSE),"") -> 0.4
B59: =IFERROR(VLOOKUP(C59,OB!$B$1:$N$131,4,FALSE),"") | C59: 87 | D59: =IFERROR(VLOOKUP(C59,OB!$B$1:$N$131,2,FALSE),"") | F59: =IFERROR(VLOOKUP(C59,OB!$B$1:$N$131,6,FALSE),"") | Q59: =IFERROR(VLOOKUP(R59,OB!$B$1:$N$131,4,FALSE),"") -> IRON | R59: H8 | S59: =IFERROR(VLOOKUP(R59,OB!$B$1:$N$131,2,FALSE),"") -> WAIST BAND IRON *2 | U59: =IFERROR(VLOOKUP(R59,OB!$B$1:$N$131,6,FALSE),"") -> 0.64
B60: =IFERROR(VLOOKUP(C60,OB!$B$1:$N$131,4,FALSE),"") | C60: 88 | D60: =IFERROR(VLOOKUP(C60,OB!$B$1:$N$131,2,FALSE),"") | F60: =IFERROR(VLOOKUP(C60,OB!$B$1:$N$131,6,FALSE),"") | G60: =IFERROR(G56/$T$10,"") -> 0 | Q60: =IFERROR(VLOOKUP(R60,OB!$B$1:$N$131,4,FALSE),"") | R60: H16 | S60: =IFERROR(VLOOKUP(R60,OB!$B$1:$N$131,2,FALSE),"") | U60: =IFERROR(VLOOKUP(R60,OB!$B$1:$N$131,6,FALSE),"") | V60: =IFERROR(V56/$T$10,"") -> 0.5484787
B61: =IFERROR(VLOOKUP(C61,OB!$B$1:$N$131,4,FALSE),"") | D61: =IFERROR(VLOOKUP(C61,OB!$B$1:$N$131,2,FALSE),"") | F61: =IFERROR(VLOOKUP(C61,OB!$B$1:$N$131,6,FALSE),"") | Q61: =IFERROR(VLOOKUP(R61,OB!$B$1:$N$131,4,FALSE),"") | S61: =IFERROR(VLOOKUP(R61,OB!$B$1:$N$131,2,FALSE),"") | U61: =IFERROR(VLOOKUP(R61,OB!$B$1:$N$131,6,FALSE),"")
B63: =IFERROR(VLOOKUP(C63,OB!$B$1:$N$131,4,FALSE),"") | D63: =IFERROR(VLOOKUP(C63,OB!$B$1:$N$131,2,FALSE),"") | F63: =IFERROR(VLOOKUP(C63,OB!$B$1:$N$131,6,FALSE),"") | G63: =SUM(F63:F68) -> 0 | Q63: =IFERROR(VLOOKUP(R63,OB!$B$1:$N$131,4,FALSE),"") | R63: 63 | S63: =IFERROR(VLOOKUP(R63,OB!$B$1:$N$131,2,FALSE),"") | U63: =IFERROR(VLOOKUP(R63,OB!$B$1:$N$131,6,FALSE),"") | V63: =SUM(U63:U68) -> 1.87
B64: =IFERROR(VLOOKUP(C64,OB!$B$1:$N$131,4,FALSE),"") | D64: =IFERROR(VLOOKUP(C64,OB!$B$1:$N$131,2,FALSE),"") | F64: =IFERROR(VLOOKUP(C64,OB!$B$1:$N$131,6,FALSE),"") | G64: =IFERROR(60/G63,"") | Q64: =IFERROR(VLOOKUP(R64,OB!$B$1:$N$131,4,FALSE),"") -> SN | R64: 21 | S64: =IFERROR(VLOOKUP(R64,OB!$B$1:$N$131,2,FALSE),"") -> FLY BOX EDGE RUN STTICH *1 | U64: =IFERROR(VLOOKUP(R64,OB!$B$1:$N$131,6,FALSE),"") -> 0.22 | V64: =IFERROR(60/V63,"") -> 32.085561
B65: =IFERROR(VLOOKUP(C65,OB!$B$1:$N$131,4,FALSE),"") | C65: 65 | D65: =IFERROR(VLOOKUP(C65,OB!$B$1:$N$131,2,FALSE),"") | F65: =IFERROR(VLOOKUP(C65,OB!$B$1:$N$131,6,FALSE),"") | Q65: =IFERROR(VLOOKUP(R65,OB!$B$1:$N$131,4,FALSE),"") -> 3OL | R65: 13 | S65: =IFERROR(VLOOKUP(R65,OB!$B$1:$N$131,2,FALSE),"") -> FRONT PKT BAG CLOSE WITH TRUN *2 | U65: =IFERROR(VLOOKUP(R65,OB!$B$1:$N$131,6,FALSE),"") -> 0.67
B66: =IFERROR(VLOOKUP(C66,OB!$B$1:$N$131,4,FALSE),"") | D66: =IFERROR(VLOOKUP(C66,OB!$B$1:$N$131,2,FALSE),"") | F66: =IFERROR(VLOOKUP(C66,OB!$B$1:$N$131,6,FALSE),"") | Q66: =IFERROR(VLOOKUP(R66,OB!$B$1:$N$131,4,FALSE),"") -> SN | R66: 27 | S66: =IFERROR(VLOOKUP(R66,OB!$B$1:$N$131,2,FALSE),"") -> FRONT SETTING *1 | U66: =IFERROR(VLOOKUP(R66,OB!$B$1:$N$131,6,FALSE),"") -> 0.34
B67: =IFERROR(VLOOKUP(C67,OB!$B$1:$N$131,4,FALSE),"") | D67: =IFERROR(VLOOKUP(C67,OB!$B$1:$N$131,2,FALSE),"") | F67: =IFERROR(VLOOKUP(C67,OB!$B$1:$N$131,6,FALSE),"") | G67: =IFERROR(G63/$T$10,"") -> 0 | Q67: =IFERROR(VLOOKUP(R67,OB!$B$1:$N$131,4,FALSE),"") -> 3OL | R67: 18 | S67: =IFERROR(VLOOKUP(R67,OB!$B$1:$N$131,2,FALSE),"") -> FRONT SIDE EDGE OL *1 | U67: =IFERROR(VLOOKUP(R67,OB!$B$1:$N$131,6,FALSE),"") -> 0.2 | V67: =IFERROR(V63/$T$10,"") -> 0.9862069
B68: =IFERROR(VLOOKUP(C68,OB!$B$1:$N$131,4,FALSE),"") | D68: =IFERROR(VLOOKUP(C68,OB!$B$1:$N$131,2,FALSE),"") | F68: =IFERROR(VLOOKUP(C68,OB!$B$1:$N$131,6,FALSE),"") | Q68: =IFERROR(VLOOKUP(R68,OB!$B$1:$N$131,4,FALSE),"") -> SN | R68: 6 | S68: =IFERROR(VLOOKUP(R68,OB!$B$1:$N$131,2,FALSE),"") -> FRONT PKT BAG ATTACH TO SIDE ZIPPER EDGE *1 | U68: =IFERROR(VLOOKUP(R68,OB!$B$1:$N$131,6,FALSE),"") -> 0.44
B70: =IFERROR(VLOOKUP(C70,OB!$B$1:$N$131,4,FALSE),"") | D70: =IFERROR(VLOOKUP(C70,OB!$B$1:$N$131,2,FALSE),"") | F70: =IFERROR(VLOOKUP(C70,OB!$B$1:$N$131,6,FALSE),"") | G70: =SUM(F70:F75) -> 0 | Q70: =IFERROR(VLOOKUP(R70,OB!$B$1:$N$131,4,FALSE),"") -> BTK | R70: 39 | S70: =IFERROR(VLOOKUP(R70,OB!$B$1:$N$131,2,FALSE),"") -> BACK WELT PKT MOUTH BTK *4 | U70: =IFERROR(VLOOKUP(R70,OB!$B$1:$N$131,6,FALSE),"") -> 0.28 | V70: =SUM(U70:U75) -> 2.43
B71: =IFERROR(VLOOKUP(C71,OB!$B$1:$N$131,4,FALSE),"") | C71: 81 | D71: =IFERROR(VLOOKUP(C71,OB!$B$1:$N$131,2,FALSE),"") | F71: =IFERROR(VLOOKUP(C71,OB!$B$1:$N$131,6,FALSE),"") | G71: =IFERROR(60/G70,"") | Q71: =IFERROR(VLOOKUP(R71,OB!$B$1:$N$131,4,FALSE),"") -> SN | R71: 49 | S71: =IFERROR(VLOOKUP(R71,OB!$B$1:$N$131,2,FALSE),"") -> SIDE SEAM ZIPPER ATTACH TO BACK SIDE *1 | U71: =IFERROR(VLOOKUP(R71,OB!$B$1:$N$131,6,FALSE),"") -> 0.4 | V71: =IFERROR(60/V70,"") -> 24.691358
B72: =IFERROR(VLOOKUP(C72,OB!$B$1:$N$131,4,FALSE),"") | C72: 84 | D72: =IFERROR(VLOOKUP(C72,OB!$B$1:$N$131,2,FALSE),"") | F72: =IFERROR(VLOOKUP(C72,OB!$B$1:$N$131,6,FALSE),"") | Q72: =IFERROR(VLOOKUP(R72,OB!$B$1:$N$131,4,FALSE),"") -> SN | R72: 61 | S72: =IFERROR(VLOOKUP(R72,OB!$B$1:$N$131,2,FALSE),"") -> BTM HEM CLOSE *2 | U72: =IFERROR(VLOOKUP(R72,OB!$B$1:$N$131,6,FALSE),"") -> 0.67
B73: =IFERROR(VLOOKUP(C73,OB!$B$1:$N$131,4,FALSE),"") | D73: =IFERROR(VLOOKUP(C73,OB!$B$1:$N$131,2,FALSE),"") | F73: =IFERROR(VLOOKUP(C73,OB!$B$1:$N$131,6,FALSE),"") | Q73: =IFERROR(VLOOKUP(R73,OB!$B$1:$N$131,4,FALSE),"") -> SNC | R73: 48 | S73: =IFERROR(VLOOKUP(R73,OB!$B$1:$N$131,2,FALSE),"") -> WAIST BAND CLOSE *1 | U73: =IFERROR(VLOOKUP(R73,OB!$B$1:$N$131,6,FALSE),"") -> 0.92
B74: =IFERROR(VLOOKUP(C74,OB!$B$1:$N$131,4,FALSE),"") | D74: =IFERROR(VLOOKUP(C74,OB!$B$1:$N$131,2,FALSE),"") | F74: =IFERROR(VLOOKUP(C74,OB!$B$1:$N$131,6,FALSE),"") | G74: =IFERROR(G70/$T$10,"") -> 0 | Q74: =IFERROR(VLOOKUP(R74,OB!$B$1:$N$131,4,FALSE),"") -> SN | R74: 46 | S74: =IFERROR(VLOOKUP(R74,OB!$B$1:$N$131,2,FALSE),"") -> WAIST BAND CONER TST *2 | U74: =IFERROR(VLOOKUP(R74,OB!$B$1:$N$131,6,FALSE),"") -> 0.16 | V74: =IFERROR(V70/$T$10,"") -> 1.2815416
B75: =IFERROR(VLOOKUP(C75,OB!$B$1:$N$131,4,FALSE),"") | D75: =IFERROR(VLOOKUP(C75,OB!$B$1:$N$131,2,FALSE),"") | F75: =IFERROR(VLOOKUP(C75,OB!$B$1:$N$131,6,FALSE),"") | Q75: =IFERROR(VLOOKUP(R75,OB!$B$1:$N$131,4,FALSE),"") | S75: =IFERROR(VLOOKUP(R75,OB!$B$1:$N$131,2,FALSE),"") | U75: =IFERROR(VLOOKUP(R75,OB!$B$1:$N$131,6,FALSE),"")
B77: =IFERROR(VLOOKUP(C77,OB!$B$1:$N$131,4,FALSE),"") | D77: =IFERROR(VLOOKUP(C77,OB!$B$1:$N$131,2,FALSE),"") | F77: =IFERROR(VLOOKUP(C77,OB!$B$1:$N$131,6,FALSE),"") | G77: =SUM(F77:F82) -> 0 | Q77: =IFERROR(VLOOKUP(R77,OB!$B$1:$N$131,4,FALSE),"") | S77: =IFERROR(VLOOKUP(R77,OB!$B$1:$N$131,2,FALSE),"") | U77: =IFERROR(VLOOKUP(R77,OB!$B$1:$N$131,6,FALSE),"") | V77: =SUM(U77:U82) -> 0.51
B78: =IFERROR(VLOOKUP(C78,OB!$B$1:$N$131,4,FALSE),"") | D78: =IFERROR(VLOOKUP(C78,OB!$B$1:$N$131,2,FALSE),"") | F78: =IFERROR(VLOOKUP(C78,OB!$B$1:$N$131,6,FALSE),"") | G78: =IFERROR(60/G77,"") | Q78: =IFERROR(VLOOKUP(R78,OB!$B$1:$N$131,4,FALSE),"") | S78: =IFERROR(VLOOKUP(R78,OB!$B$1:$N$131,2,FALSE),"") | U78: =IFERROR(VLOOKUP(R78,OB!$B$1:$N$131,6,FALSE),"") | V78: =IFERROR(60/V77,"") -> 117.64706
B79: =IFERROR(VLOOKUP(C79,OB!$B$1:$N$131,4,FALSE),"") | C79: 82 | D79: =IFERROR(VLOOKUP(C79,OB!$B$1:$N$131,2,FALSE),"") | F79: =IFERROR(VLOOKUP(C79,OB!$B$1:$N$131,6,FALSE),"") | Q79: =IFERROR(VLOOKUP(R79,OB!$B$1:$N$131,4,FALSE),"") -> BTK | R79: 62 | S79: =IFERROR(VLOOKUP(R79,OB!$B$1:$N$131,2,FALSE),"") -> IN SEAM BTK *1 | U79: =IFERROR(VLOOKUP(R79,OB!$B$1:$N$131,6,FALSE),"") -> 0.07
B80: =IFERROR(VLOOKUP(C80,OB!$B$1:$N$131,4,FALSE),"") | C80: 83 | D80: =IFERROR(VLOOKUP(C80,OB!$B$1:$N$131,2,FALSE),"") | F80: =IFERROR(VLOOKUP(C80,OB!$B$1:$N$131,6,FALSE),"") | Q80: =IFERROR(VLOOKUP(R80,OB!$B$1:$N$131,4,FALSE),"") -> SN | R80: 56 | S80: =IFERROR(VLOOKUP(R80,OB!$B$1:$N$131,2,FALSE),"") -> 1ST LOOP TACK *5 | U80: =IFERROR(VLOOKUP(R80,OB!$B$1:$N$131,6,FALSE),"") -> 0.44
B81: =IFERROR(VLOOKUP(C81,OB!$B$1:$N$131,4,FALSE),"") | D81: =IFERROR(VLOOKUP(C81,OB!$B$1:$N$131,2,FALSE),"") | F81: =IFERROR(VLOOKUP(C81,OB!$B$1:$N$131,6,FALSE),"") | G81: =IFERROR(G77/$T$10,"") -> 0 | Q81: =IFERROR(VLOOKUP(R81,OB!$B$1:$N$131,4,FALSE),"") | R81: 86 | S81: =IFERROR(VLOOKUP(R81,OB!$B$1:$N$131,2,FALSE),"") | U81: =IFERROR(VLOOKUP(R81,OB!$B$1:$N$131,6,FALSE),"") | V81: =IFERROR(V77/$T$10,"") -> 0.26896552
B82: =IFERROR(VLOOKUP(C82,OB!$B$1:$N$131,4,FALSE),"") | D82: =IFERROR(VLOOKUP(C82,OB!$B$1:$N$131,2,FALSE),"") | F82: =IFERROR(VLOOKUP(C82,OB!$B$1:$N$131,6,FALSE),"") | Q82: =IFERROR(VLOOKUP(R82,OB!$B$1:$N$131,4,FALSE),"") | S82: =IFERROR(VLOOKUP(R82,OB!$B$1:$N$131,2,FALSE),"") | U82: =IFERROR(VLOOKUP(R82,OB!$B$1:$N$131,6,FALSE),"")
B84: =IFERROR(VLOOKUP(C84,OB!$B$1:$N$131,4,FALSE),"") | D84: =IFERROR(VLOOKUP(C84,OB!$B$1:$N$131,2,FALSE),"") | F84: =IFERROR(VLOOKUP(C84,OB!$B$1:$N$131,6,FALSE),"") | G84: =SUM(F84:F90) -> 0 | Q84: =IFERROR(VLOOKUP(R84,OB!$B$1:$N$131,4,FALSE),"") | S84: =IFERROR(VLOOKUP(R84,OB!$B$1:$N$131,2,FALSE),"") | U84: =IFERROR(VLOOKUP(R84,OB!$B$1:$N$131,6,FALSE),"") | V84: =SUM(U84:U90) -> 0
B85: =IFERROR(VLOOKUP(C85,OB!$B$1:$N$131,4,FALSE),"") | C85: 72 | D85: =IFERROR(VLOOKUP(C85,OB!$B$1:$N$131,2,FALSE),"") | F85: =IFERROR(VLOOKUP(C85,OB!$B$1:$N$131,6,FALSE),"") | G85: =IFERROR(60/G84,"") | Q85: =IFERROR(VLOOKUP(R85,OB!$B$1:$N$131,4,FALSE),"") | S85: =IFERROR(VLOOKUP(R85,OB!$B$1:$N$131,2,FALSE),"") | U85: =IFERROR(VLOOKUP(R85,OB!$B$1:$N$131,6,FALSE),"") | V85: =IFERROR(60/V84,"")
B86: =IFERROR(VLOOKUP(C86,OB!$B$1:$N$131,4,FALSE),"") | C86: 73 | D86: =IFERROR(VLOOKUP(C86,OB!$B$1:$N$131,2,FALSE),"") | F86: =IFERROR(VLOOKUP(C86,OB!$B$1:$N$131,6,FALSE),"") | Q86: =IFERROR(VLOOKUP(R86,OB!$B$1:$N$131,4,FALSE),"") | S86: =IFERROR(VLOOKUP(R86,OB!$B$1:$N$131,2,FALSE),"") | U86: =IFERROR(VLOOKUP(R86,OB!$B$1:$N$131,6,FALSE),"")
B87: =IFERROR(VLOOKUP(C87,OB!$B$1:$N$131,4,FALSE),"") | C87: 74 | D87: =IFERROR(VLOOKUP(C87,OB!$B$1:$N$131,2,FALSE),"") | F87: =IFERROR(VLOOKUP(C87,OB!$B$1:$N$131,6,FALSE),"") | Q87: =IFERROR(VLOOKUP(R87,OB!$B$1:$N$131,4,FALSE),"") | R87: 85 | S87: =IFERROR(VLOOKUP(R87,OB!$B$1:$N$131,2,FALSE),"") | U87: =IFERROR(VLOOKUP(R87,OB!$B$1:$N$131,6,FALSE),"")
B88: =IFERROR(VLOOKUP(C88,OB!$B$1:$N$131,4,FALSE),"") | C88: 76 | D88: =IFERROR(VLOOKUP(C88,OB!$B$1:$N$131,2,FALSE),"") | F88: =IFERROR(VLOOKUP(C88,OB!$B$1:$N$131,6,FALSE),"") | Q88: =IFERROR(VLOOKUP(R88,OB!$B$1:$N$131,4,FALSE),"") | S88: =IFERROR(VLOOKUP(R88,OB!$B$1:$N$131,2,FALSE),"") | U88: =IFERROR(VLOOKUP(R88,OB!$B$1:$N$131,6,FALSE),"")
B89: =IFERROR(VLOOKUP(C89,OB!$B$1:$N$131,4,FALSE),"") | C89: 77 | D89: =IFERROR(VLOOKUP(C89,OB!$B$1:$N$131,2,FALSE),"") | F89: =IFERROR(VLOOKUP(C89,OB!$B$1:$N$131,6,FALSE),"") | G89: =IFERROR(G84/$T$10,"") -> 0 | Q89: =IFERROR(VLOOKUP(R89,OB!$B$1:$N$131,4,FALSE),"") | S89: =IFERROR(VLOOKUP(R89,OB!$B$1:$N$131,2,FALSE),"") | U89: =IFERROR(VLOOKUP(R89,OB!$B$1:$N$131,6,FALSE),"") | V89: =IFERROR(V84/$T$10,"") -> 0
B90: =IFERROR(VLOOKUP(C90,OB!$B$1:$N$131,4,FALSE),"") | D90: =IFERROR(VLOOKUP(C90,OB!$B$1:$N$131,2,FALSE),"") | F90: =IFERROR(VLOOKUP(C90,OB!$B$1:$N$131,6,FALSE),"") | Q90: =IFERROR(VLOOKUP(R90,OB!$B$1:$N$131,4,FALSE),"") | S90: =IFERROR(VLOOKUP(R90,OB!$B$1:$N$131,2,FALSE),"") | U90: =IFERROR(VLOOKUP(R90,OB!$B$1:$N$131,6,FALSE),"")
B92: =IFERROR(VLOOKUP(C92,OB!$B$1:$N$131,4,FALSE),"") | D92: =IFERROR(VLOOKUP(C92,OB!$B$1:$N$131,2,FALSE),"") | F92: =IFERROR(VLOOKUP(C92,OB!$B$1:$N$131,6,FALSE),"") | G92: =SUM(F92:F97) -> 0 | Q92: =IFERROR(VLOOKUP(R92,OB!$B$1:$N$131,4,FALSE),"") | S92: =IFERROR(VLOOKUP(R92,OB!$B$1:$N$131,2,FALSE),"") | U92: =IFERROR(VLOOKUP(R92,OB!$B$1:$N$131,6,FALSE),"") | V92: =SUM(U92:U97) -> 1.18
B93: =IFERROR(VLOOKUP(C93,OB!$B$1:$N$131,4,FALSE),"") | D93: =IFERROR(VLOOKUP(C93,OB!$B$1:$N$131,2,FALSE),"") | F93: =IFERROR(VLOOKUP(C93,OB!$B$1:$N$131,6,FALSE),"") | G93: =IFERROR(60/G92,"") | Q93: =IFERROR(VLOOKUP(R93,OB!$B$1:$N$131,4,FALSE),"") | S93: =IFERROR(VLOOKUP(R93,OB!$B$1:$N$131,2,FALSE),"") | U93: =IFERROR(VLOOKUP(R93,OB!$B$1:$N$131,6,FALSE),"") | V93: =IFERROR(60/V92,"") -> 50.847458
B94: =IFERROR(VLOOKUP(C94,OB!$B$1:$N$131,4,FALSE),"") | C94: 75 | D94: =IFERROR(VLOOKUP(C94,OB!$B$1:$N$131,2,FALSE),"") | F94: =IFERROR(VLOOKUP(C94,OB!$B$1:$N$131,6,FALSE),"") | Q94: =IFERROR(VLOOKUP(R94,OB!$B$1:$N$131,4,FALSE),"") -> BTK | R94: 57 | S94: =IFERROR(VLOOKUP(R94,OB!$B$1:$N$131,2,FALSE),"") -> 1ST LOOP TACK BTK *5 | U94: =IFERROR(VLOOKUP(R94,OB!$B$1:$N$131,6,FALSE),"") -> 0.3
B95: =IFERROR(VLOOKUP(C95,OB!$B$1:$N$131,4,FALSE),"") | D95: =IFERROR(VLOOKUP(C95,OB!$B$1:$N$131,2,FALSE),"") | F95: =IFERROR(VLOOKUP(C95,OB!$B$1:$N$131,6,FALSE),"") | Q95: =IFERROR(VLOOKUP(R95,OB!$B$1:$N$131,4,FALSE),"") -> BTK | R95: 59 | S95: =IFERROR(VLOOKUP(R95,OB!$B$1:$N$131,2,FALSE),"") -> 2ND LOOP TACK BTK *5 | U95: =IFERROR(VLOOKUP(R95,OB!$B$1:$N$131,6,FALSE),"") -> 0.3
B96: =IFERROR(VLOOKUP(C96,OB!$B$1:$N$131,4,FALSE),"") | D96: =IFERROR(VLOOKUP(C96,OB!$B$1:$N$131,2,FALSE),"") | F96: =IFERROR(VLOOKUP(C96,OB!$B$1:$N$131,6,FALSE),"") | G96: =IFERROR(G92/$T$10,"") -> 0 | Q96: =IFERROR(VLOOKUP(R96,OB!$B$1:$N$131,4,FALSE),"") -> 5OL | R96: 60 | S96: =IFERROR(VLOOKUP(R96,OB!$B$1:$N$131,2,FALSE),"") -> IN SEAM JOIN *1 | U96: =IFERROR(VLOOKUP(R96,OB!$B$1:$N$131,6,FALSE),"") -> 0.58 | V96: =IFERROR(V92/$T$10,"") -> 0.62231237
B97: =IFERROR(VLOOKUP(C97,OB!$B$1:$N$131,4,FALSE),"") | D97: =IFERROR(VLOOKUP(C97,OB!$B$1:$N$131,2,FALSE),"") | F97: =IFERROR(VLOOKUP(C97,OB!$B$1:$N$131,6,FALSE),"") | Q97: =IFERROR(VLOOKUP(R97,OB!$B$1:$N$131,4,FALSE),"") | S97: =IFERROR(VLOOKUP(R97,OB!$B$1:$N$131,2,FALSE),"") | U97: =IFERROR(VLOOKUP(R97,OB!$B$1:$N$131,6,FALSE),"")
B99: =IFERROR(VLOOKUP(C99,OB!$B$1:$N$131,4,FALSE),"") | D99: =IFERROR(VLOOKUP(C99,OB!$B$1:$N$131,2,FALSE),"") | F99: =IFERROR(VLOOKUP(C99,OB!$B$1:$N$131,6,FALSE),"") | G99: =SUM(F99:F104) -> 0.95 | Q99: =IFERROR(VLOOKUP(R99,OB!$B$1:$N$131,4,FALSE),"") | S99: =IFERROR(VLOOKUP(R99,OB!$B$1:$N$131,2,FALSE),"") | U99: =IFERROR(VLOOKUP(R99,OB!$B$1:$N$131,6,FALSE),"") | V99: =SUM(U99:U104) -> 0.88
B100: =IFERROR(VLOOKUP(C100,OB!$B$1:$N$131,4,FALSE),"") -> SN | C100: 40 | D100: =IFERROR(VLOOKUP(C100,OB!$B$1:$N$131,2,FALSE),"") -> BACK DART MAKE *2 | F100: =IFERROR(VLOOKUP(C100,OB!$B$1:$N$131,6,FALSE),"") -> 0.44 | G100: =IFERROR(60/G99,"") -> 63.157895 | Q100: =IFERROR(VLOOKUP(R100,OB!$B$1:$N$131,4,FALSE),"") -> SN | R100: 12 | S100: =IFERROR(VLOOKUP(R100,OB!$B$1:$N$131,2,FALSE),"") -> FRONT PKT MOUTH STRY STTICH *2 | U100: =IFERROR(VLOOKUP(R100,OB!$B$1:$N$131,6,FALSE),"") -> 0.46 | V100: =IFERROR(60/V99,"") -> 68.181818
B101: =IFERROR(VLOOKUP(C101,OB!$B$1:$N$131,4,FALSE),"") -> BTK | C101: 17 | D101: =IFERROR(VLOOKUP(C101,OB!$B$1:$N$131,2,FALSE),"") -> FRONT PKT MOUTH BTK *4 | F101: =IFERROR(VLOOKUP(C101,OB!$B$1:$N$131,6,FALSE),"") -> 0.24 | Q101: =IFERROR(VLOOKUP(R101,OB!$B$1:$N$131,4,FALSE),"") -> SN | R101: 37 | S101: =IFERROR(VLOOKUP(R101,OB!$B$1:$N$131,2,FALSE),"") -> BACK WELT PKT BAG LABEL ATTACH *1 | U101: =IFERROR(VLOOKUP(R101,OB!$B$1:$N$131,6,FALSE),"") -> 0.42
B102: =IFERROR(VLOOKUP(C102,OB!$B$1:$N$131,4,FALSE),"") -> 3OL | C102: 19 | D102: =IFERROR(VLOOKUP(C102,OB!$B$1:$N$131,2,FALSE),"") -> FLY FACIN EDGE OL *1 | F102: =IFERROR(VLOOKUP(C102,OB!$B$1:$N$131,6,FALSE),"") -> 0.15 | Q102: =IFERROR(VLOOKUP(R102,OB!$B$1:$N$131,4,FALSE),"") | S102: =IFERROR(VLOOKUP(R102,OB!$B$1:$N$131,2,FALSE),"") | U102: =IFERROR(VLOOKUP(R102,OB!$B$1:$N$131,6,FALSE),"")
B103: =IFERROR(VLOOKUP(C103,OB!$B$1:$N$131,4,FALSE),"") -> 3OL | C103: 20 | D103: =IFERROR(VLOOKUP(C103,OB!$B$1:$N$131,2,FALSE),"") -> FLY BOX EDGE OL *1 | F103: =IFERROR(VLOOKUP(C103,OB!$B$1:$N$131,6,FALSE),"") -> 0.12 | G103: =IFERROR(G99/$T$10,"") -> 0.5010142 | Q103: =IFERROR(VLOOKUP(R103,OB!$B$1:$N$131,4,FALSE),"") | S103: =IFERROR(VLOOKUP(R103,OB!$B$1:$N$131,2,FALSE),"") | U103: =IFERROR(VLOOKUP(R103,OB!$B$1:$N$131,6,FALSE),"") | V103: =IFERROR(V99/$T$10,"") -> 0.46409736
B104: =IFERROR(VLOOKUP(C104,OB!$B$1:$N$131,4,FALSE),"") | D104: =IFERROR(VLOOKUP(C104,OB!$B$1:$N$131,2,FALSE),"") | F104: =IFERROR(VLOOKUP(C104,OB!$B$1:$N$131,6,FALSE),"") | Q104: =IFERROR(VLOOKUP(R104,OB!$B$1:$N$131,4,FALSE),"") | S104: =IFERROR(VLOOKUP(R104,OB!$B$1:$N$131,2,FALSE),"") | U104: =IFERROR(VLOOKUP(R104,OB!$B$1:$N$131,6,FALSE),"")
B106: =IFERROR(VLOOKUP(C106,OB!$B$1:$N$131,4,FALSE),"") | D106: =IFERROR(VLOOKUP(C106,OB!$B$1:$N$131,2,FALSE),"") | F106: =IFERROR(VLOOKUP(C106,OB!$B$1:$N$131,6,FALSE),"") | G106: =SUM(F106:F112) -> 0.26 | Q106: =IFERROR(VLOOKUP(R106,OB!$B$1:$N$131,4,FALSE),"") | S106: =IFERROR(VLOOKUP(R106,OB!$B$1:$N$131,2,FALSE),"") | U106: =IFERROR(VLOOKUP(R106,OB!$B$1:$N$131,6,FALSE),"") | V106: =SUM(U106:U112) -> 0.75
B107: =IFERROR(VLOOKUP(C107,OB!$B$1:$N$131,4,FALSE),"") | D107: =IFERROR(VLOOKUP(C107,OB!$B$1:$N$131,2,FALSE),"") | F107: =IFERROR(VLOOKUP(C107,OB!$B$1:$N$131,6,FALSE),"") | G107: =IFERROR(60/G106,"") -> 230.76923 | Q107: =IFERROR(VLOOKUP(R107,OB!$B$1:$N$131,4,FALSE),"") -> SN | R107: 24 | S107: =IFERROR(VLOOKUP(R107,OB!$B$1:$N$131,2,FALSE),"") -> FRONT EDGE STRY STTICH *1 | U107: =IFERROR(VLOOKUP(R107,OB!$B$1:$N$131,6,FALSE),"") -> 0.23 | V107: =IFERROR(60/V106,"") -> 80
B108: =IFERROR(VLOOKUP(C108,OB!$B$1:$N$131,4,FALSE),"") -> SN | C108: 16 | D108: =IFERROR(VLOOKUP(C108,OB!$B$1:$N$131,2,FALSE),"") -> FRONT WAIST IN SIDE TAPE TACK *2 | F108: =IFERROR(VLOOKUP(C108,OB!$B$1:$N$131,6,FALSE),"") -> 0.26 | Q108: =IFERROR(VLOOKUP(R108,OB!$B$1:$N$131,4,FALSE),"") -> SN | R108: 25 | S108: =IFERROR(VLOOKUP(R108,OB!$B$1:$N$131,2,FALSE),"") -> ZIPPER ATTACH TO FLY FACING *1 | U108: =IFERROR(VLOOKUP(R108,OB!$B$1:$N$131,6,FALSE),"") -> 0.2
B109: =IFERROR(VLOOKUP(C109,OB!$B$1:$N$131,4,FALSE),"") | D109: =IFERROR(VLOOKUP(C109,OB!$B$1:$N$131,2,FALSE),"") | F109: =IFERROR(VLOOKUP(C109,OB!$B$1:$N$131,6,FALSE),"") | Q109: =IFERROR(VLOOKUP(R109,OB!$B$1:$N$131,4,FALSE),"") -> SN | R109: 26 | S109: =IFERROR(VLOOKUP(R109,OB!$B$1:$N$131,2,FALSE),"") -> J STTICH WITH MARK *1 | U109: =IFERROR(VLOOKUP(R109,OB!$B$1:$N$131,6,FALSE),"") -> 0.32
B110: =IFERROR(VLOOKUP(C110,OB!$B$1:$N$131,4,FALSE),"") | D110: =IFERROR(VLOOKUP(C110,OB!$B$1:$N$131,2,FALSE),"") | F110: =IFERROR(VLOOKUP(C110,OB!$B$1:$N$131,6,FALSE),"") | Q110: =IFERROR(VLOOKUP(R110,OB!$B$1:$N$131,4,FALSE),"") | R110: 69 | S110: =IFERROR(VLOOKUP(R110,OB!$B$1:$N$131,2,FALSE),"") | U110: =IFERROR(VLOOKUP(R110,OB!$B$1:$N$131,6,FALSE),"")
B111: =IFERROR(VLOOKUP(C111,OB!$B$1:$N$131,4,FALSE),"") | D111: =IFERROR(VLOOKUP(C111,OB!$B$1:$N$131,2,FALSE),"") | F111: =IFERROR(VLOOKUP(C111,OB!$B$1:$N$131,6,FALSE),"") | G111: =IFERROR(G106/$T$10,"") -> 0.13711968 | Q111: =IFERROR(VLOOKUP(R111,OB!$B$1:$N$131,4,FALSE),"") | S111: =IFERROR(VLOOKUP(R111,OB!$B$1:$N$131,2,FALSE),"") | U111: =IFERROR(VLOOKUP(R111,OB!$B$1:$N$131,6,FALSE),"") | V111: =IFERROR(V106/$T$10,"") -> 0.39553753
B112: =IFERROR(VLOOKUP(C112,OB!$B$1:$N$131,4,FALSE),"") | D112: =IFERROR(VLOOKUP(C112,OB!$B$1:$N$131,2,FALSE),"") | F112: =IFERROR(VLOOKUP(C112,OB!$B$1:$N$131,6,FALSE),"") | Q112: =IFERROR(VLOOKUP(R112,OB!$B$1:$N$131,4,FALSE),"") | S112: =IFERROR(VLOOKUP(R112,OB!$B$1:$N$131,2,FALSE),"") | U112: =IFERROR(VLOOKUP(R112,OB!$B$1:$N$131,6,FALSE),"")
B114: =IFERROR(VLOOKUP(C114,OB!$B$1:$N$131,4,FALSE),"") | D114: =IFERROR(VLOOKUP(C114,OB!$B$1:$N$131,2,FALSE),"") | F114: =IFERROR(VLOOKUP(C114,OB!$B$1:$N$131,6,FALSE),"") | G114: =SUM(F114:F119) -> 0.58 | Q114: =IFERROR(VLOOKUP(R114,OB!$B$1:$N$131,4,FALSE),"") | S114: =IFERROR(VLOOKUP(R114,OB!$B$1:$N$131,2,FALSE),"") | U114: =IFERROR(VLOOKUP(R114,OB!$B$1:$N$131,6,FALSE),"") | V114: =SUM(U114:U119) -> 0.66
B115: =IFERROR(VLOOKUP(C115,OB!$B$1:$N$131,4,FALSE),"") -> SN | C115: 1 | D115: =IFERROR(VLOOKUP(C115,OB!$B$1:$N$131,2,FALSE),"") -> IN SIDE COIN PKT HEM *1 | F115: =IFERROR(VLOOKUP(C115,OB!$B$1:$N$131,6,FALSE),"") -> 0.2 | G115: =IFERROR(60/G114,"") -> 103.44828 | Q115: =IFERROR(VLOOKUP(R115,OB!$B$1:$N$131,4,FALSE),"") -> SN | R115: 55 | S115: =IFERROR(VLOOKUP(R115,OB!$B$1:$N$131,2,FALSE),"") -> WAIST BAND LOOP TACK *5 | U115: =IFERROR(VLOOKUP(R115,OB!$B$1:$N$131,6,FALSE),"") -> 0.5 | V115: =IFERROR(60/V114,"") -> 90.909091
B116: =IFERROR(VLOOKUP(C116,OB!$B$1:$N$131,4,FALSE),"") -> SN | C116: 3 | D116: =IFERROR(VLOOKUP(C116,OB!$B$1:$N$131,2,FALSE),"") -> SIDE ZIPPER EDEG TACK *2 | F116: =IFERROR(VLOOKUP(C116,OB!$B$1:$N$131,6,FALSE),"") -> 0.16 | Q116: =IFERROR(VLOOKUP(R116,OB!$B$1:$N$131,4,FALSE),"") -> SN | R116: 46 | S116: =IFERROR(VLOOKUP(R116,OB!$B$1:$N$131,2,FALSE),"") -> WAIST BAND CONER TST *2 | U116: =IFERROR(VLOOKUP(R116,OB!$B$1:$N$131,6,FALSE),"") -> 0.16
B117: =IFERROR(VLOOKUP(C117,OB!$B$1:$N$131,4,FALSE),"") -> SN | C117: 4 | D117: =IFERROR(VLOOKUP(C117,OB!$B$1:$N$131,2,FALSE),"") -> SIDE ZIPPER PKT BAG FACIN ATTACH *1 | F117: =IFERROR(VLOOKUP(C117,OB!$B$1:$N$131,6,FALSE),"") -> 0.22 | Q117: =IFERROR(VLOOKUP(R117,OB!$B$1:$N$131,4,FALSE),"") | S117: =IFERROR(VLOOKUP(R117,OB!$B$1:$N$131,2,FALSE),"") | U117: =IFERROR(VLOOKUP(R117,OB!$B$1:$N$131,6,FALSE),"")
B118: =IFERROR(VLOOKUP(C118,OB!$B$1:$N$131,4,FALSE),"") | C118: 66 | D118: =IFERROR(VLOOKUP(C118,OB!$B$1:$N$131,2,FALSE),"") | F118: =IFERROR(VLOOKUP(C118,OB!$B$1:$N$131,6,FALSE),"") | G118: =IFERROR(G114/$T$10,"") -> 0.30588235 | Q118: =IFERROR(VLOOKUP(R118,OB!$B$1:$N$131,4,FALSE),"") | S118: =IFERROR(VLOOKUP(R118,OB!$B$1:$N$131,2,FALSE),"") | U118: =IFERROR(VLOOKUP(R118,OB!$B$1:$N$131,6,FALSE),"") | V118: =IFERROR(V114/$T$10,"") -> 0.34807302
...

Sheet Feeding plan
B1: Date | C1: ----------------------- | D1: Line feeding analysis report
B2: Line :-
B3: Style :-
A4: No | B4: EPF | C4: Name | D4: Operation | E4: M/C | F4: Planned time (Min) | G4: Start time | H4: End time | I4: Duration | J4: Variation | K4: Sup | L4: Q/C | M4: Mac | N4: Remarks
A5: =IF('Lay out'!#REF!="","",'Lay out'!#REF!) -> #REF!
A10: =IF('Lay out'!#REF!="","",'Lay out'!#REF!) -> #REF!
A15: ='Lay out'!A156 -> 0
A20: ='Lay out'!W156 -> 0
A25: ='Lay out'!A149 -> 0
A30: ='Lay out'!W149 -> 0
A35: ='Lay out'!A142 -> 0
A40: ='Lay out'!W142 -> 0
A45: ='Lay out'!A135 -> 0
A50: ='Lay out'!W135 -> 0
A55: ='Lay out'!A128 -> 0
A60: ='Lay out'!W128 -> 0
A65: =IF('Lay out'!A217="","",'Lay out'!A217)
A70: =IF('Lay out'!A222="","",'Lay out'!A222)
A75: =IF('Lay out'!A227="","",'Lay out'!A227)
A80: =IF('Lay out'!A232="","",'Lay out'!A232)
A85: =IF('Lay out'!A237="","",'Lay out'!A237)
A90: =IF('Lay out'!A242="","",'Lay out'!A242)
A95: =IF('Lay out'!A247="","",'Lay out'!A247)
A100: =IF('Lay out'!A252="","",'Lay out'!A252)
A105: =IF('Lay out'!A257="","",'Lay out'!A257)
A110: =IF('Lay out'!A262="","",'Lay out'!A262)
A115: =IF('Lay out'!A267="","",'Lay out'!A267)
A120: =IF('Lay out'!A272="","",'Lay out'!A272)
... A510: =IF('Lay out'!A662="","",'Lay out'!A662)
F515: =SUM(F5:F514) -> 0
D517: ---------------------------------- | E517: -------------------------- | H517: -------------------------- | K517: -------------------------- | N517: --------------------------
D518: IE Officer | E518: Pro Executive | H518: QA manager | K518: IE Manager | N518: Factrory manager

Sheet Capacity graph
C1: Capacity Graph
A3: EPF | B3: Name | C3: Operation | D3: M/C | E3: SMV | F3: Total SMV | G3: Cycle time (Sec.) | L3: Avg. (Min) | M3: Total (Min) | N3: with allw. 10% (Min) | O3: Hourly Pieces Capacity | P3: Eff % | Q3: Remarks
G4: 1 | H4: 2 | I4: 3 | J4: 4 | K4: 5
F5: =SUM(E5:E10) -> 0.9 | L5: =IFERROR(AVERAGE(G5:K5)/60,"") | M5: =SUM(L5:L10) -> 1.05 | N5: =IFERROR(M5*1.1,"") -> 1.155 | O5: =IFERROR(60/N5,"") -> 51.948052 | P5: =IFERROR(SUM(E5:E10)*O5/60,"") -> 0.77922078
E6: 0.2 | L6: 0.25
E7: 0.5 | L7: 0.3
L8: 0.4
E9: 0.2 | L9: 0.1
L10: =IFERROR(AVERAGE(G10:K10)/60,"")
F11: =SUM(E11:E16) -> 0 | L11: =IFERROR(AVERAGE(G11:K11)/60,"") | M11: =SUM(L11:L16) -> 0 | N11: =IFERROR(M11*1.1,"") -> 0 | O11: =IFERROR(60/N11,"") | P11: =IFERROR(SUM(E11:E16)*O11/60,"")
L12: =IFERROR(AVERAGE(G12:K12)/60,"")
L13: =IFERROR(AVERAGE(G13:K13)/60,"")
L14: =IFERROR(AVERAGE(G14:K14)/60,"")
L15: =IFERROR(AVERAGE(G15:K15)/60,"")
L16: =IFERROR(AVERAGE(G16:K16)/60,"")
F17: =SUM(E17:E22) -> 0 | L17: =IFERROR(AVERAGE(G17:K17)/60,"") | M17: =SUM(L17:L22) -> 0 | N17: =IFERROR(M17*1.1,"") -> 0 | O17: =IFERROR(60/N17,"") | P17: =IFERROR(SUM(E17:E22)*O17/60,"")
L18: =IFERROR(AVERAGE(G18:K18)/60,"")
L19: =IFERROR(AVERAGE(G19:K19)/60,"")
L20: =IFERROR(AVERAGE(G20:K20)/60,"")
L21: =IFERROR(AVERAGE(G21:K21)/60,"")
L22: =IFERROR(AVERAGE(G22:K22)/60,"")
F23: =SUM(E23:E28) -> 0 | L23: =IFERROR(AVERAGE(G23:K23)/60,"") | M23: =SUM(L23:L28) -> 0 | N23: =IFERROR(M23*1.1,"") -> 0 | O23: =IFERROR(60/N23,"") | P23: =IFERROR(SUM(E23:E28)*O23/60,"")
L24: =IFERROR(AVERAGE(G24:K24)/60,"")
L25: =IFERROR(AVERAGE(G25:K25)/60,"")
L26: =IFERROR(AVERAGE(G26:K26)/60,"")
L27: =IFERROR(AVERAGE(G27:K27)/60,"")
L28: =IFERROR(AVERAGE(G28:K28)/60,"")
F29: =SUM(E29:E34) -> 0 | L29: =IFERROR(AVERAGE(G29:K29)/60,"") | M29: =SUM(L29:L34) -> 0 | N29: =IFERROR(M29*1.1,"") -> 0 | O29: =IFERROR(60/N29,"") | P29: =IFERROR(SUM(E29:E34)*O29/60,"")
L30: =IFERROR(AVERAGE(G30:K30)/60,"")
L31: =IFERROR(AVERAGE(G31:K31)/60,"")
L32: =IFERROR(AVERAGE(G32:K32)/60,"")
L33: =IFERROR(AVERAGE(G33:K33)/60,"")
L34: =IFERROR(AVERAGE(G34:K34)/60,"")
F35: =SUM(E35:E40) -> 0 | L35: =IFERROR(AVERAGE(G35:K35)/60,"") | M35: =SUM(L35:L40) -> 0 | N35: =IFERROR(M35*1.1,"") -> 0 | O35: =IFERROR(60/N35,"") | P35: =IFERROR(SUM(E35:E40)*O35/60,"")
L36: =IFERROR(AVERAGE(G36:K36)/60,"")
L37: =IFERROR(AVERAGE(G37:K37)/60,"")
L38: =IFERROR(AVERAGE(G38:K38)/60,"")
L39: =IFERROR(AVERAGE(G39:K39)/60,"")
L40: =IFERROR(AVERAGE(G40:K40)/60,"")
F41: =SUM(E41:E46) -> 0 | L41: =IFERROR(AVERAGE(G41:K41)/60,"") | M41: =SUM(L41:L46) -> 0 | N41: =IFERROR(M41*1.1,"") -> 0 | O41: =IFERROR(60/N41,"") | P41: =IFERROR(SUM(E41:E46)*O41/60,"")
L42: =IFERROR(AVERAGE(G42:K42)/60,"")
L43: =IFERROR(AVERAGE(G43:K43)/60,"")
L44: =IFERROR(AVERAGE(G44:K44)/60,"")
L45: =IFERROR(AVERAGE(G45:K45)/60,"")
L46: =IFERROR(AVERAGE(G46:K46)/60,"")
F47: =SUM(E47:E52) -> 0 | L47: =IFERROR(AVERAGE(G47:K47)/60,"") | M47: =SUM(L47:L52) -> 0 | N47: =IFERROR(M47*1.1,"") -> 0 | O47: =IFERROR(60/N47,"") | P47: =IFERROR(SUM(E47:E52)*O47/60,"")
L48: =IFERROR(AVERAGE(G48:K48)/60,"")
L49: =IFERROR(AVERAGE(G49:K49)/60,"")
L50: =IFERROR(AVERAGE(G50:K50)/60,"")
L51: =IFERROR(AVERAGE(G51:K51)/60,"")
L52: =IFERROR(AVERAGE(G52:K52)/60,"")
F53: =SUM(E53:E58) -> 0 | L53: =IFERROR(AVERAGE(G53:K53)/60,"") | M53: =SUM(L53:L58) -> 0 | N53: =IFERROR(M53*1.1,"") -> 0 | O53: =IFERROR(60/N53,"") | P53: =IFERROR(SUM(E53:E58)*O53/60,"")
L54: =IFERROR(AVERAGE(G54:K54)/60,"")
L55: =IFERROR(AVERAGE(G55:K55)/60,"")
L56: =IFERROR(AVERAGE(G56:K56)/60,"")
L57: =IFERROR(AVERAGE(G57:K57)/60,"")
L58: =IFERROR(AVERAGE(G58:K58)/60,"")
F59: =SUM(E59:E64) -> 0 | L59: =IFERROR(AVERAGE(G59:K59)/60,"") | M59: =SUM(L59:L64) -> 0 | N59: =IFERROR(M59*1.1,"") -> 0 | O59: =IFERROR(60/N59,"") | P59: =IFERROR(SUM(E59:E64)*O59/60,"")
L60: =IFERROR(AVERAGE(G60:K60)/60,"")
L61: =IFERROR(AVERAGE(G61:K61)/60,"")
L62: =IFERROR(AVERAGE(G62:K62)/60,"")
L63: =IFERROR(AVERAGE(G63:K63)/60,"")
L64: =IFERROR(AVERAGE(G64:K64)/60,"")
F65: =SUM(E65:E70) -> 0 | L65: =IFERROR(AVERAGE(G65:K65)/60,"") | M65: =SUM(L65:L70) -> 0 | N65: =IFERROR(M65*1.1,"") -> 0 | O65: =IFERROR(60/N65,"") | P65: =IFERROR(SUM(E65:E70)*O65/60,"")
L66: =IFERROR(AVERAGE(G66:K66)/60,"")
L67: =IFERROR(AVERAGE(G67:K67)/60,"")
L68: =IFERROR(AVERAGE(G68:K68)/60,"")
L69: =IFERROR(AVERAGE(G69:K69)/60,"")
L70: =IFERROR(AVERAGE(G70:K70)/60,"")
F71: =SUM(E71:E76) -> 0 | L71: =IFERROR(AVERAGE(G71:K71)/60,"") | M71: =SUM(L71:L76) -> 0 | N71: =IFERROR(M71*1.1,"") -> 0 | O71: =IFERROR(60/N71,"") | P71: =IFERROR(SUM(E71:E76)*O71/60,"")
L72: =IFERROR(AVERAGE(G72:K72)/60,"")
L73: =IFERROR(AVERAGE(G73:K73)/60,"")
L74: =IFERROR(AVERAGE(G74:K74)/60,"")
L75: =IFERROR(AVERAGE(G75:K75)/60,"")
L76: =IFERROR(AVERAGE(G76:K76)/60,"")
F77: =SUM(E77:E82) -> 0 | L77: =IFERROR(AVERAGE(G77:K77)/60,"") | M77: =SUM(L77:L82) -> 0 | N77: =IFERROR(M77*1.1,"") -> 0 | O77: =IFERROR(60/N77,"") | P77: =IFERROR(SUM(E77:E82)*O77/60,"")
L78: =IFERROR(AVERAGE(G78:K78)/60,"")
L79: =IFERROR(AVERAGE(G79:K79)/60,"")
L80: =IFERROR(AVERAGE(G80:K80)/60,"")
L81: =IFERROR(AVERAGE(G81:K81)/60,"")
L82: =IFERROR(AVERAGE(G82:K82)/60,"")
F83: =SUM(E83:E88) -> 0 | L83: =IFERROR(AVERAGE(G83:K83)/60,"") | M83: =SUM(L83:L88) -> 0 | N83: =IFERROR(M83*1.1,"") -> 0 | O83: =IFERROR(60/N83,"") | P83: =IFERROR(SUM(E83:E88)*O83/60,"")
L84: =IFERROR(AVERAGE(G84:K84)/60,"")
L85: =IFERROR(AVERAGE(G85:K85)/60,"")
L86: =IFERROR(AVERAGE(G86:K86)/60,"")
L87: =IFERROR(AVERAGE(G87:K87)/60,"")
L88: =IFERROR(AVERAGE(G88:K88)/60,"")
F89: =SUM(E89:E94) -> 0 | L89: =IFERROR(AVERAGE(G89:K89)/60,"") | M89: =SUM(L89:L94) -> 0 | N89: =IFERROR(M89*1.1,"") -> 0 | O89: =IFERROR(60/N89,"") | P89: =IFERROR(SUM(E89:E94)*O89/60,"")
L90: =IFERROR(AVERAGE(G90:K90)/60,"")
L91: =IFERROR(AVERAGE(G91:K91)/60,"")
L92: =IFERROR(AVERAGE(G92:K92)/60,"")
L93: =IFERROR(AVERAGE(G93:K93)/60,"")
L94: =IFERROR(AVERAGE(G94:K94)/60,"")
F95: =SUM(E95:E100) -> 0 | L95: =IFERROR(AVERAGE(G95:K95)/60,"") | M95: =SUM(L95:L100) -> 0 | N95: =IFERROR(M95*1.1,"") -> 0 | O95: =IFERROR(60/N95,"") | P95: =IFERROR(SUM(E95:E100)*O95/60,"")
L96: =IFERROR(AVERAGE(G96:K96)/60,"")
L97: =IFERROR(AVERAGE(G97:K97)/60,"")
L98: =IFERROR(AVERAGE(G98:K98)/60,"")
L99: =IFERROR(AVERAGE(G99:K99)/60,"")
L100: =IFERROR(AVERAGE(G100:K100)/60,"")
F101: =SUM(E101:E106) -> 0 | L101: =IFERROR(AVERAGE(G101:K101)/60,"") | M101: =SUM(L101:L106) -> 0 | N101: =IFERROR(M101*1.1,"") -> 0 | O101: =IFERROR(60/N101,"") | P101: =IFERROR(SUM(E101:E106)*O101/60,"")
...

Sheet Bar chart
B2: EPF | C2: Name | D2: Capacity (Pieces) | E2: Eff%
B3: ='Capacity graph'!A5 -> 0 | C3: ='Capacity graph'!B5 -> 0 | D3: 54
B4: ='Capacity graph'!A11 -> 0 | C4: ='Capacity graph'!B11 -> 0 | D4: 80
B5: ='Capacity graph'!A17 -> 0 | C5: ='Capacity graph'!B17 -> 0 | D5: 77 | E5: ='Capacity graph'!P17
B6: ='Capacity graph'!A23 -> 0 | C6: ='Capacity graph'!B23 -> 0 | D6: 60 | E6: ='Capacity graph'!P23
B7: ='Capacity graph'!A29 -> 0 | C7: ='Capacity graph'!B29 -> 0 | D7: 43 | E7: ='Capacity graph'!P29
B8: ='Capacity graph'!A35 -> 0 | C8: ='Capacity graph'!B35 -> 0 | D8: 44 | E8: ='Capacity graph'!P35
B9: ='Capacity graph'!A41 -> 0 | C9: ='Capacity graph'!B41 -> 0 | D9: 42 | E9: ='Capacity graph'!P41
B10: ='Capacity graph'!A47 -> 0 | C10: ='Capacity graph'!B47 -> 0 | D10: ='Capacity graph'!O47 | E10: ='Capacity graph'!P47
B11: ='Capacity graph'!A53 -> 0 | C11: ='Capacity graph'!B53 -> 0 | D11: ='Capacity graph'!O53 | E11: ='Capacity graph'!P53
B12: ='Capacity graph'!A59 -> 0 | C12: ='Capacity graph'!B59 -> 0 | D12: ='Capacity graph'!O59 | E12: ='Capacity graph'!P59
B13: ='Capacity graph'!A65 -> 0 | C13: ='Capacity graph'!B65 -> 0 | D13: ='Capacity graph'!O65 | E13: ='Capacity graph'!P65
B14: ='Capacity graph'!A71 -> 0 | C14: ='Capacity graph'!B71 -> 0 | D14: ='Capacity graph'!O71 | E14: ='Capacity graph'!P71
B15: ='Capacity graph'!A77 -> 0 | C15: ='Capacity graph'!B77 -> 0 | D15: ='Capacity graph'!O77 | E15: ='Capacity graph'!P77
B16: ='Capacity graph'!A83 -> 0 | C16: ='Capacity graph'!B83 -> 0 | D16: ='Capacity graph'!O83 | E16: ='Capacity graph'!P83
B17: ='Capacity graph'!A89 -> 0 | C17: ='Capacity graph'!B89 -> 0 | D17: ='Capacity graph'!O89 | E17: ='Capacity graph'!P89
B18: ='Capacity graph'!A95 -> 0 | C18: ='Capacity graph'!B95 -> 0 | D18: ='Capacity graph'!O95 | E18: ='Capacity graph'!P95
B19: ='Capacity graph'!A101 -> 0 | C19: ='Capacity graph'!B101 -> 0 | D19: ='Capacity graph'!O101 | E19: ='Capacity graph'!P101
B20: ='Capacity graph'!A107 -> 0 | C20: ='Capacity graph'!B107 -> 0 | D20: ='Capacity graph'!O107 | E20: ='Capacity graph'!P107
B21: ='Capacity graph'!A113 -> 0 | C21: ='Capacity graph'!B113 -> 0 | D21: ='Capacity graph'!O113 | E21: ='Capacity graph'!P113
B22: ='Capacity graph'!A119 -> 0 | C22: ='Capacity graph'!B119 -> 0 | D22: ='Capacity graph'!O119 | E22: ='Capacity graph'!P119
B23: ='Capacity graph'!A125 -> 0 | C23: ='Capacity graph'!B125 -> 0 | D23: ='Capacity graph'!O125 | E23: ='Capacity graph'!P125
B24: ='Capacity graph'!A131 -> 0 | C24: ='Capacity graph'!B131 -> 0 | D24: ='Capacity graph'!O131 | E24: ='Capacity graph'!P131
B25: ='Capacity graph'!A137 -> 0 | C25: ='Capacity graph'!B137 -> 0 | D25: ='Capacity graph'!O137 | E25: ='Capacity graph'!P137
B26: ='Capacity graph'!A143 -> 0 | C26: ='Capacity graph'!B143 -> 0 | D26: ='Capacity graph'!O143 | E26: ='Capacity graph'!P143
B27: ='Capacity graph'!A149 -> 0 | C27: ='Capacity graph'!B149 -> 0 | D27: ='Capacity graph'!O149 | E27: ='Capacity graph'!P149
B28: ='Capacity graph'!A155 -> 0 | C28: ='Capacity graph'!B155 -> 0 | D28: ='Capacity graph'!O155 | E28: ='Capacity graph'!P155
B29: ='Capacity graph'!A161 -> 0 | C29: ='Capacity graph'!B161 -> 0 | D29: ='Capacity graph'!O161 | E29: ='Capacity graph'!P161
B30: ='Capacity graph'!A167 -> 0 | C30: ='Capacity graph'!B167 -> 0 | D30: ='Capacity graph'!O167 | E30: ='Capacity graph'!P167
B31: ='Capacity graph'!A173 -> 0 | C31: ='Capacity graph'!B173 -> 0 | D31: ='Capacity graph'!O173 | E31: ='Capacity graph'!P173
B32: ='Capacity graph'!A179 -> 0 | C32: ='Capacity graph'!B179 -> 0 | D32: ='Capacity graph'!O179 | E32: ='Capacity graph'!P179
B33: ='Capacity graph'!A185 -> 0 | C33: ='Capacity graph'!B185 -> 0 | D33: ='Capacity graph'!O185 | E33: ='Capacity graph'!P185
B34: ='Capacity graph'!A191 -> 0 | C34: ='Capacity graph'!B191 -> 0 | D34: ='Capacity graph'!O191 | E34: ='Capacity graph'!P191
B35: ='Capacity graph'!A197 -> 0 | C35: ='Capacity graph'!B197 -> 0 | D35: ='Capacity graph'!O197 | E35: ='Capacity graph'!P197
B36: ='Capacity graph'!A203 -> 0 | C36: ='Capacity graph'!B203 -> 0 | D36: ='Capacity graph'!O203 | E36: ='Capacity graph'!P203
B37: ='Capacity graph'!A209 -> 0 | C37: ='Capacity graph'!B209 -> 0 | D37: ='Capacity graph'!O209 | E37: ='Capacity graph'!P209
B38: ='Capacity graph'!A215 -> 0 | C38: ='Capacity graph'!B215 -> 0 | D38: ='Capacity graph'!O215 | E38: ='Capacity graph'!P215
B39: ='Capacity graph'!A221 -> 0 | C39: ='Capacity graph'!B221 -> 0 | D39: ='Capacity graph'!O221 | E39: ='Capacity graph'!P221
B40: ='Capacity graph'!A227 -> 0 | C40: ='Capacity graph'!B227 -> 0 | D40: ='Capacity graph'!O227 | E40: ='Capacity graph'!P227
B41: ='Capacity graph'!A233 -> 0 | C41: ='Capacity graph'!B233 -> 0 | D41: ='Capacity graph'!O233 | E41: ='Capacity graph'!P233
B42: ='Capacity graph'!A239 -> 0 | C42: ='Capacity graph'!B239 -> 0 | D42: ='Capacity graph'!O239 | E42: ='Capacity graph'!P239
B43: ='Capacity graph'!A245 -> 0 | C43: ='Capacity graph'!B245 -> 0 | D43: ='Capacity graph'!O245 | E43: ='Capacity graph'!P245
B44: ='Capacity graph'!A251 -> 0 | C44: ='Capacity graph'!B251 -> 0 | D44: ='Capacity graph'!O251 | E44: ='Capacity graph'!P251
B45: ='Capacity graph'!A257 -> 0 | C45: ='Capacity graph'!B257 -> 0 | D45: ='Capacity graph'!O257 | E45: ='Capacity graph'!P257
B46: ='Capacity graph'!A263 -> 0 | C46: ='Capacity graph'!B263 -> 0 | D46: ='Capacity graph'!O263 | E46: ='Capacity graph'!P263
B47: ='Capacity graph'!A269 -> 0 | C47: ='Capacity graph'!B269 -> 0 | D47: ='Capacity graph'!O269 | E47: ='Capacity graph'!P269
B48: ='Capacity graph'!A275 -> 0 | C48: ='Capacity graph'!B275 -> 0 | D48: ='Capacity graph'!O275 | E48: ='Capacity graph'!P275
B49: ='Capacity graph'!A281 -> 0 | C49: ='Capacity graph'!B281 -> 0 | D49: ='Capacity graph'!O281 | E49: ='Capacity graph'!P281
B50: ='Capacity graph'!A287 -> 0 | C50: ='Capacity graph'!B287 -> 0 | D50: ='Capacity graph'!O287 | E50: ='Capacity graph'!P287
B51: ='Capacity graph'!A293 -> 0 | C51: ='Capacity graph'!B293 -> 0 | D51: ='Capacity graph'!O293 | E51: ='Capacity graph'!P293
B52: ='Capacity graph'!A299 -> 0 | C52: ='Capacity graph'!B299 -> 0 | D52: ='Capacity graph'!O299 | E52: ='Capacity graph'!P299
B53: ='Capacity graph'!A305 -> 0 | C53: ='Capacity graph'!B305 -> 0 | D53: ='Capacity graph'!O305 | E53: ='Capacity graph'!P305
B54: ='Capacity graph'!A311 -> 0 | C54: ='Capacity graph'!B311 -> 0 | D54: ='Capacity graph'!O311 | E54: ='Capacity graph'!P311
B55: ='Capacity graph'!A317 -> 0 | C55: ='Capacity graph'!B317 -> 0 | D55: ='Capacity graph'!O317 | E55: ='Capacity graph'!P317
B56: ='Capacity graph'!A323 -> 0 | C56: ='Capacity graph'!B323 -> 0 | D56: ='Capacity graph'!O323 | E56: ='Capacity graph'!P323
B57: ='Capacity graph'!A329 -> 0 | C57: ='Capacity graph'!B329 -> 0 | D57: ='Capacity graph'!O329 | E57: ='Capacity graph'!P329
B58: ='Capacity graph'!A335 -> 0 | C58: ='Capacity graph'!B335 -> 0 | D58: ='Capacity graph'!O335 | E58: ='Capacity graph'!P335
B59: ='Capacity graph'!A341 -> 0 | C59: ='Capacity graph'!B341 -> 0 | D59: ='Capacity graph'!O341 | E59: ='Capacity graph'!P341
B60: ='Capacity graph'!A347 -> 0 | C60: ='Capacity graph'!B347 -> 0 | D60: ='Capacity graph'!O347 | E60: ='Capacity graph'!P347
B61: ='Capacity graph'!A353 -> 0 | C61: ='Capacity graph'!B353 -> 0 | D61: ='Capacity graph'!O353 | E61: ='Capacity graph'!P353
B62: ='Capacity graph'!A359 -> 0 | C62: ='Capacity graph'!B359 -> 0 | D62: ='Capacity graph'!O359 | E62: ='Capacity graph'!P359
B63: ='Capacity graph'!A365 -> 0 | C63: ='Capacity graph'!B365 -> 0 | D63: ='Capacity graph'!O365 | E63: ='Capacity graph'!P365
B64: ='Capacity graph'!A371 -> 0 | C64: ='Capacity graph'!B371 -> 0 | D64: ='Capacity graph'!O371 | E64: ='Capacity graph'!P371
B65: ='Capacity graph'!A377 -> 0 | C65: ='Capacity graph'!B377 -> 0 | D65: ='Capacity graph'!O377 | E65: ='Capacity graph'!P377
B66: ='Capacity graph'!A383 -> 0 | C66: ='Capacity graph'!B383 -> 0 | D66: ='Capacity graph'!O383 | E66: ='Capacity graph'!P383
B67: ='Capacity graph'!A389 -> 0 | C67: ='Capacity graph'!B389 -> 0 | D67: ='Capacity graph'!O389 | E67: ='Capacity graph'!P389
B68: ='Capacity graph'!A395 -> 0 | C68: ='Capacity graph'!B395 -> 0 | D68: ='Capacity graph'!O395 | E68: ='Capacity graph'!P395
B69: ='Capacity graph'!A401 -> 0 | C69: ='Capacity graph'!B401 -> 0 | D69: ='Capacity graph'!O401 | E69: ='Capacity graph'!P401
B70: ='Capacity graph'!A407 -> 0 | C70: ='Capacity graph'!B407 -> 0 | D70: ='Capacity graph'!O407 | E70: ='Capacity graph'!P407
B71: ='Capacity graph'!A413 -> 0 | C71: ='Capacity graph'!B413 -> 0 | D71: ='Capacity graph'!O413 | E71: ='Capacity graph'!P413
B72: ='Capacity graph'!A419 -> 0 | C72: ='Capacity graph'!B419 -> 0 | D72: ='Capacity graph'!O419 | E72: ='Capacity graph'!P419
B73: ='Capacity graph'!A425 -> 0 | C73: ='Capacity graph'!B425 -> 0 | D73: ='Capacity graph'!O425 | E73: ='Capacity graph'!P425
B74: ='Capacity graph'!A431 -> 0 | C74: ='Capacity graph'!B431 -> 0 | D74: ='Capacity graph'!O431 | E74: ='Capacity graph'!P431
B75: ='Capacity graph'!A437 -> 0 | C75: ='Capacity graph'!B437 -> 0 | D75: ='Capacity graph'!O437 | E75: ='Capacity graph'!P437
B76: ='Capacity graph'!A443 -> 0 | C76: ='Capacity graph'!B443 -> 0 | D76: ='Capacity graph'!O443 | E76: ='Capacity graph'!P443
B77: ='Capacity graph'!A449 -> 0 | C77: ='Capacity graph'!B449 -> 0 | D77: ='Capacity graph'!O449 | E77: ='Capacity graph'!P449
B78: ='Capacity graph'!A455 -> 0 | C78: ='Capacity graph'!B455 -> 0 | D78: ='Capacity graph'!O455 | E78: ='Capacity graph'!P455
B79: ='Capacity graph'!A461 -> 0 | C79: ='Capacity graph'!B461 -> 0 | D79: ='Capacity graph'!O461 | E79: ='Capacity graph'!P461
B80: ='Capacity graph'!A467 -> 0 | C80: ='Capacity graph'!B467 -> 0 | D80: ='Capacity graph'!O467 | E80: ='Capacity graph'!P467
B81: ='Capacity graph'!A473 -> 0 | C81: ='Capacity graph'!B473 -> 0 | D81: ='Capacity graph'!O473 | E81: ='Capacity graph'!P473
B82: ='Capacity graph'!A479 -> 0 | C82: ='Capacity graph'!B479 -> 0 | D82: ='Capacity graph'!O479 | E82: ='Capacity graph'!P479
B83: ='Capacity graph'!A485 -> 0 | C83: ='Capacity graph'!B485 -> 0 | D83: ='Capacity graph'!O485 | E83: ='Capacity graph'!P485
B84: ='Capacity graph'!A491 -> 0 | C84: ='Capacity graph'!B491 -> 0 | D84: ='Capacity graph'!O491 | E84: ='Capacity graph'!P491
B85: ='Capacity graph'!A497 -> 0 | C85: ='Capacity graph'!B497 -> 0 | D85: ='Capacity graph'!O497 | E85: ='Capacity graph'!P497
B86: ='Capacity graph'!A503 -> 0 | C86: ='Capacity graph'!B503 -> 0 | D86: ='Capacity graph'!O503 | E86: ='Capacity graph'!P503
B87: ='Capacity graph'!A509 -> 0 | C87: ='Capacity graph'!B509 -> 0 | D87: ='Capacity graph'!O509 | E87: ='Capacity graph'!P509
B88: ='Capacity graph'!A515 -> 0 | C88: ='Capacity graph'!B515 -> 0 | D88: ='Capacity graph'!O515 | E88: ='Capacity graph'!P515
B89: ='Capacity graph'!A521 -> 0 | C89: ='Capacity graph'!B521 -> 0 | D89: ='Capacity graph'!O521 | E89: ='Capacity graph'!P521
B90: ='Capacity graph'!A527 -> 0 | C90: ='Capacity graph'!B527 -> 0 | D90: ='Capacity graph'!O527 | E90: ='Capacity graph'!P527
B91: ='Capacity graph'!A533 -> 0 | C91: ='Capacity graph'!B533 -> 0 | D91: ='Capacity graph'!O533 | E91: ='Capacity graph'!P533
B92: ='Capacity graph'!A539 -> 0 | C92: ='Capacity graph'!B539 -> 0 | D92: ='Capacity graph'!O539 | E92: ='Capacity graph'!P539
B93: ='Capacity graph'!A545 -> 0 | C93: ='Capacity graph'!B545 -> 0 | D93: ='Capacity graph'!O545 | E93: ='Capacity graph'!P545
B94: ='Capacity graph'!A551 -> 0 | C94: ='Capacity graph'!B551 -> 0 | D94: ='Capacity graph'!O551 | E94: ='Capacity graph'!P551
B95: ='Capacity graph'!A557 -> 0 | C95: ='Capacity graph'!B557 -> 0 | D95: ='Capacity graph'!O557 | E95: ='Capacity graph'!P557
B96: ='Capacity graph'!A563 -> 0 | C96: ='Capacity graph'!B563 -> 0 | D96: ='Capacity graph'!O563 | E96: ='Capacity graph'!P563
B97: ='Capacity graph'!A569 -> 0 | C97: ='Capacity graph'!B569 -> 0 | D97: ='Capacity graph'!O569 | E97: ='Capacity graph'!P569
B98: ='Capacity graph'!A575 -> 0 | C98: ='Capacity graph'!B575 -> 0 | D98: ='Capacity graph'!O575 | E98: ='Capacity graph'!P575
B99: ='Capacity graph'!A581 -> 0 | C99: ='Capacity graph'!B581 -> 0 | D99: ='Capacity graph'!O581 | E99: ='Capacity graph'!P581
B100: ='Capacity graph'!A587 -> 0 | C100: ='Capacity graph'!B587 -> 0 | D100: ='Capacity graph'!O587 | E100: ='Capacity graph'!P587
B101: ='Capacity graph'!A593 -> 0 | C101: ='Capacity graph'!B593 -> 0 | D101: ='Capacity graph'!O593 | E101: ='Capacity graph'!P593
...
